ISO-10303-21;
HEADER;
FILE_DESCRIPTION(('FreeCAD Model'),'2;1');
FILE_NAME('Open CASCADE Shape Model','2026-08-06T20:52:36',('FreeCAD'),(
    'FreeCAD'),'Open CASCADE STEP processor 7.8','FreeCAD','Unknown');
FILE_SCHEMA(('AUTOMOTIVE_DESIGN { 1 0 10303 214 1 1 1 1 }'));
ENDSEC;
DATA;
#1 = APPLICATION_PROTOCOL_DEFINITION('international standard',
  'automotive_design',2000,#2);
#2 = APPLICATION_CONTEXT(
  'core data for automotive mechanical design processes');
#3 = SHAPE_DEFINITION_REPRESENTATION(#4,#10);
#4 = PRODUCT_DEFINITION_SHAPE('','',#5);
#5 = PRODUCT_DEFINITION('design','',#6,#9);
#6 = PRODUCT_DEFINITION_FORMATION('','',#7);
#7 = PRODUCT('Open CASCADE STEP translator 7.8 1',
  'Open CASCADE STEP translator 7.8 1','',(#8));
#8 = PRODUCT_CONTEXT('',#2,'mechanical');
#9 = PRODUCT_DEFINITION_CONTEXT('part definition',#2,'design');
#10 = SHAPE_REPRESENTATION('',(#11,#15,#1919,#2541),#2654);
#11 = AXIS2_PLACEMENT_3D('',#12,#13,#14);
#12 = CARTESIAN_POINT('',(0.,0.,0.));
#13 = DIRECTION('',(0.,0.,1.));
#14 = DIRECTION('',(1.,0.,-0.));
#15 = MANIFOLD_SOLID_BREP('',#16);
#16 = CLOSED_SHELL('',(#17,#55,#97,#120,#167,#190,#252,#295,#319,#342,
    #373,#397,#420,#470,#497,#529,#553,#570,#594,#634,#697,#737,#761,
    #777,#808,#824,#849,#864,#890,#914,#938,#954,#978,#1009,#1056,#1087,
    #1103,#1127,#1151,#1182,#1199,#1229,#1275,#1305,#1325,#1336,#1353,
    #1377,#1401,#1418,#1430,#1447,#1458,#1483,#1494,#1519,#1544,#1569,
    #1594,#1619,#1644,#1669,#1694,#1703,#1723,#1743,#1763,#1783,#1808,
    #1833,#1858,#1883,#1892,#1901,#1910));
#17 = ADVANCED_FACE('',(#18),#50,.T.);
#18 = FACE_BOUND('',#19,.T.);
#19 = EDGE_LOOP('',(#20,#30,#37,#45));
#20 = ORIENTED_EDGE('',*,*,#21,.T.);
#21 = EDGE_CURVE('',#22,#24,#26,.T.);
#22 = VERTEX_POINT('',#23);
#23 = CARTESIAN_POINT('',(0.,-5.,0.));
#24 = VERTEX_POINT('',#25);
#25 = CARTESIAN_POINT('',(0.,5.,0.));
#26 = LINE('',#27,#28);
#27 = CARTESIAN_POINT('',(0.,-5.,0.));
#28 = VECTOR('',#29,1.);
#29 = DIRECTION('',(0.,1.,0.));
#30 = ORIENTED_EDGE('',*,*,#31,.T.);
#31 = EDGE_CURVE('',#24,#32,#34,.T.);
#32 = VERTEX_POINT('',#33);
#33 = CARTESIAN_POINT('',(26.,6.,0.));
#34 = B_SPLINE_CURVE_WITH_KNOTS('',1,(#35,#36),.UNSPECIFIED.,.F.,.F.,(2,
    2),(0.,1.),.PIECEWISE_BEZIER_KNOTS.);
#35 = CARTESIAN_POINT('',(0.,5.,0.));
#36 = CARTESIAN_POINT('',(26.,6.,0.));
#37 = ORIENTED_EDGE('',*,*,#38,.F.);
#38 = EDGE_CURVE('',#39,#32,#41,.T.);
#39 = VERTEX_POINT('',#40);
#40 = CARTESIAN_POINT('',(26.,-6.,0.));
#41 = LINE('',#42,#43);
#42 = CARTESIAN_POINT('',(26.,-6.,0.));
#43 = VECTOR('',#44,1.);
#44 = DIRECTION('',(0.,1.,0.));
#45 = ORIENTED_EDGE('',*,*,#46,.F.);
#46 = EDGE_CURVE('',#22,#39,#47,.T.);
#47 = B_SPLINE_CURVE_WITH_KNOTS('',1,(#48,#49),.UNSPECIFIED.,.F.,.F.,(2,
    2),(0.,1.),.PIECEWISE_BEZIER_KNOTS.);
#48 = CARTESIAN_POINT('',(0.,-5.,0.));
#49 = CARTESIAN_POINT('',(26.,-6.,0.));
#50 = B_SPLINE_SURFACE_WITH_KNOTS('',1,1,(
    (#51,#52)
    ,(#53,#54)),.UNSPECIFIED.,.F.,.F.,.F.,(2,2),(2,2),(0.,12.),(0.,1.),
  .PIECEWISE_BEZIER_KNOTS.);
#51 = CARTESIAN_POINT('',(0.,-5.,0.));
#52 = CARTESIAN_POINT('',(26.,-6.,0.));
#53 = CARTESIAN_POINT('',(0.,5.,0.));
#54 = CARTESIAN_POINT('',(26.,6.,0.));
#55 = ADVANCED_FACE('',(#56,#81),#92,.T.);
#56 = FACE_BOUND('',#57,.T.);
#57 = EDGE_LOOP('',(#58,#59,#67,#75));
#58 = ORIENTED_EDGE('',*,*,#21,.F.);
#59 = ORIENTED_EDGE('',*,*,#60,.F.);
#60 = EDGE_CURVE('',#61,#22,#63,.T.);
#61 = VERTEX_POINT('',#62);
#62 = CARTESIAN_POINT('',(0.,-5.,10.));
#63 = LINE('',#64,#65);
#64 = CARTESIAN_POINT('',(0.,-5.,10.));
#65 = VECTOR('',#66,1.);
#66 = DIRECTION('',(0.,0.,-1.));
#67 = ORIENTED_EDGE('',*,*,#68,.F.);
#68 = EDGE_CURVE('',#69,#61,#71,.T.);
#69 = VERTEX_POINT('',#70);
#70 = CARTESIAN_POINT('',(0.,5.,10.));
#71 = LINE('',#72,#73);
#72 = CARTESIAN_POINT('',(0.,5.,10.));
#73 = VECTOR('',#74,1.);
#74 = DIRECTION('',(0.,-1.,0.));
#75 = ORIENTED_EDGE('',*,*,#76,.F.);
#76 = EDGE_CURVE('',#24,#69,#77,.T.);
#77 = LINE('',#78,#79);
#78 = CARTESIAN_POINT('',(0.,5.,0.));
#79 = VECTOR('',#80,1.);
#80 = DIRECTION('',(0.,0.,1.));
#81 = FACE_BOUND('',#82,.T.);
#82 = EDGE_LOOP('',(#83));
#83 = ORIENTED_EDGE('',*,*,#84,.T.);
#84 = EDGE_CURVE('',#85,#85,#87,.T.);
#85 = VERTEX_POINT('',#86);
#86 = CARTESIAN_POINT('',(0.,8.202684260689E-16,8.349));
#87 = CIRCLE('',#88,3.349);
#88 = AXIS2_PLACEMENT_3D('',#89,#90,#91);
#89 = CARTESIAN_POINT('',(0.,0.,5.));
#90 = DIRECTION('',(1.,0.,-0.));
#91 = DIRECTION('',(0.,0.,1.));
#92 = PLANE('',#93);
#93 = AXIS2_PLACEMENT_3D('',#94,#95,#96);
#94 = CARTESIAN_POINT('',(0.,-5.,0.));
#95 = DIRECTION('',(-1.,0.,0.));
#96 = DIRECTION('',(0.,0.707106781187,0.707106781187));
#97 = ADVANCED_FACE('',(#98),#115,.T.);
#98 = FACE_BOUND('',#99,.T.);
#99 = EDGE_LOOP('',(#100,#101,#108,#114));
#100 = ORIENTED_EDGE('',*,*,#76,.T.);
#101 = ORIENTED_EDGE('',*,*,#102,.T.);
#102 = EDGE_CURVE('',#69,#103,#105,.T.);
#103 = VERTEX_POINT('',#104);
#104 = CARTESIAN_POINT('',(26.,6.,14.));
#105 = B_SPLINE_CURVE_WITH_KNOTS('',1,(#106,#107),.UNSPECIFIED.,.F.,.F.,
  (2,2),(0.,1.),.PIECEWISE_BEZIER_KNOTS.);
#106 = CARTESIAN_POINT('',(0.,5.,10.));
#107 = CARTESIAN_POINT('',(26.,6.,14.));
#108 = ORIENTED_EDGE('',*,*,#109,.F.);
#109 = EDGE_CURVE('',#32,#103,#110,.T.);
#110 = LINE('',#111,#112);
#111 = CARTESIAN_POINT('',(26.,6.,0.));
#112 = VECTOR('',#113,1.);
#113 = DIRECTION('',(0.,0.,1.));
#114 = ORIENTED_EDGE('',*,*,#31,.F.);
#115 = B_SPLINE_SURFACE_WITH_KNOTS('',1,1,(
    (#116,#117)
    ,(#118,#119
  )),.UNSPECIFIED.,.F.,.F.,.F.,(2,2),(2,2),(0.,14.),(0.,1.),
  .PIECEWISE_BEZIER_KNOTS.);
#116 = CARTESIAN_POINT('',(0.,5.,0.));
#117 = CARTESIAN_POINT('',(26.,6.,0.));
#118 = CARTESIAN_POINT('',(0.,5.,10.));
#119 = CARTESIAN_POINT('',(26.,6.,14.));
#120 = ADVANCED_FACE('',(#121),#162,.F.);
#121 = FACE_BOUND('',#122,.F.);
#122 = EDGE_LOOP('',(#123,#124,#132,#140,#148,#156));
#123 = ORIENTED_EDGE('',*,*,#38,.F.);
#124 = ORIENTED_EDGE('',*,*,#125,.T.);
#125 = EDGE_CURVE('',#39,#126,#128,.T.);
#126 = VERTEX_POINT('',#127);
#127 = CARTESIAN_POINT('',(53.5,-6.,0.));
#128 = LINE('',#129,#130);
#129 = CARTESIAN_POINT('',(26.,-6.,0.));
#130 = VECTOR('',#131,1.);
#131 = DIRECTION('',(1.,0.,0.));
#132 = ORIENTED_EDGE('',*,*,#133,.T.);
#133 = EDGE_CURVE('',#126,#134,#136,.T.);
#134 = VERTEX_POINT('',#135);
#135 = CARTESIAN_POINT('',(67.5,-6.,0.));
#136 = LINE('',#137,#138);
#137 = CARTESIAN_POINT('',(26.,-6.,0.));
#138 = VECTOR('',#139,1.);
#139 = DIRECTION('',(1.,0.,0.));
#140 = ORIENTED_EDGE('',*,*,#141,.T.);
#141 = EDGE_CURVE('',#134,#142,#144,.T.);
#142 = VERTEX_POINT('',#143);
#143 = CARTESIAN_POINT('',(67.5,6.,0.));
#144 = LINE('',#145,#146);
#145 = CARTESIAN_POINT('',(67.5,-48.5,0.));
#146 = VECTOR('',#147,1.);
#147 = DIRECTION('',(0.,1.,0.));
#148 = ORIENTED_EDGE('',*,*,#149,.F.);
#149 = EDGE_CURVE('',#150,#142,#152,.T.);
#150 = VERTEX_POINT('',#151);
#151 = CARTESIAN_POINT('',(53.5,6.,0.));
#152 = LINE('',#153,#154);
#153 = CARTESIAN_POINT('',(26.,6.,0.));
#154 = VECTOR('',#155,1.);
#155 = DIRECTION('',(1.,0.,0.));
#156 = ORIENTED_EDGE('',*,*,#157,.F.);
#157 = EDGE_CURVE('',#32,#150,#158,.T.);
#158 = LINE('',#159,#160);
#159 = CARTESIAN_POINT('',(26.,6.,0.));
#160 = VECTOR('',#161,1.);
#161 = DIRECTION('',(1.,0.,0.));
#162 = PLANE('',#163);
#163 = AXIS2_PLACEMENT_3D('',#164,#165,#166);
#164 = CARTESIAN_POINT('',(26.,-6.,0.));
#165 = DIRECTION('',(0.,0.,1.));
#166 = DIRECTION('',(1.,0.,0.));
#167 = ADVANCED_FACE('',(#168),#185,.T.);
#168 = FACE_BOUND('',#169,.T.);
#169 = EDGE_LOOP('',(#170,#171,#172,#180));
#170 = ORIENTED_EDGE('',*,*,#60,.T.);
#171 = ORIENTED_EDGE('',*,*,#46,.T.);
#172 = ORIENTED_EDGE('',*,*,#173,.F.);
#173 = EDGE_CURVE('',#174,#39,#176,.T.);
#174 = VERTEX_POINT('',#175);
#175 = CARTESIAN_POINT('',(26.,-6.,14.));
#176 = LINE('',#177,#178);
#177 = CARTESIAN_POINT('',(26.,-6.,14.));
#178 = VECTOR('',#179,1.);
#179 = DIRECTION('',(0.,0.,-1.));
#180 = ORIENTED_EDGE('',*,*,#181,.F.);
#181 = EDGE_CURVE('',#61,#174,#182,.T.);
#182 = B_SPLINE_CURVE_WITH_KNOTS('',1,(#183,#184),.UNSPECIFIED.,.F.,.F.,
  (2,2),(0.,1.),.PIECEWISE_BEZIER_KNOTS.);
#183 = CARTESIAN_POINT('',(0.,-5.,10.));
#184 = CARTESIAN_POINT('',(26.,-6.,14.));
#185 = B_SPLINE_SURFACE_WITH_KNOTS('',1,1,(
    (#186,#187)
    ,(#188,#189
  )),.UNSPECIFIED.,.F.,.F.,.F.,(2,2),(2,2),(0.,14.),(0.,1.),
  .PIECEWISE_BEZIER_KNOTS.);
#186 = CARTESIAN_POINT('',(0.,-5.,10.));
#187 = CARTESIAN_POINT('',(26.,-6.,14.));
#188 = CARTESIAN_POINT('',(0.,-5.,0.));
#189 = CARTESIAN_POINT('',(26.,-6.,0.));
#190 = ADVANCED_FACE('',(#191),#247,.T.);
#191 = FACE_BOUND('',#192,.T.);
#192 = EDGE_LOOP('',(#193,#194,#195,#196,#204,#241));
#193 = ORIENTED_EDGE('',*,*,#102,.F.);
#194 = ORIENTED_EDGE('',*,*,#68,.T.);
#195 = ORIENTED_EDGE('',*,*,#181,.T.);
#196 = ORIENTED_EDGE('',*,*,#197,.F.);
#197 = EDGE_CURVE('',#198,#174,#200,.T.);
#198 = VERTEX_POINT('',#199);
#199 = CARTESIAN_POINT('',(26.,-2.874847165974,14.));
#200 = LINE('',#201,#202);
#201 = CARTESIAN_POINT('',(26.,6.,14.));
#202 = VECTOR('',#203,1.);
#203 = DIRECTION('',(0.,-1.,0.));
#204 = ORIENTED_EDGE('',*,*,#205,.T.);
#205 = EDGE_CURVE('',#198,#206,#208,.T.);
#206 = VERTEX_POINT('',#207);
#207 = CARTESIAN_POINT('',(26.,2.874847165974,14.));
#208 = B_SPLINE_CURVE_WITH_KNOTS('',7,(#209,#210,#211,#212,#213,#214,
    #215,#216,#217,#218,#219,#220,#221,#222,#223,#224,#225,#226,#227,
    #228,#229,#230,#231,#232,#233,#234,#235,#236,#237,#238,#239,#240),
  .UNSPECIFIED.,.F.,.F.,(8,6,6,6,6,8),(0.,0.135240930571,0.236103579578,
    0.500842602827,0.864247801464,1.),.UNSPECIFIED.);
#209 = CARTESIAN_POINT('',(26.,-2.874847165974,14.));
#210 = CARTESIAN_POINT('',(25.923022895287,-2.773191625459,
    13.988157368506));
#211 = CARTESIAN_POINT('',(25.849913332421,-2.670049380655,
    13.976909743449));
#212 = CARTESIAN_POINT('',(25.780616095352,-2.565560628199,
    13.966248630054));
#213 = CARTESIAN_POINT('',(25.715076573674,-2.459853820915,
    13.956165626719));
#214 = CARTESIAN_POINT('',(25.653241199722,-2.35304567434,
    13.946652492265));
#215 = CARTESIAN_POINT('',(25.595057885666,-2.245241173246,
    13.937701213179));
#216 = CARTESIAN_POINT('',(25.499769648742,-2.055459483494,
    13.923041484422));
#217 = CARTESIAN_POINT('',(25.461066799763,-1.973884111569,
    13.917087199964));
#218 = CARTESIAN_POINT('',(25.424347410825,-1.891846710354,
    13.911438063204));
#219 = CARTESIAN_POINT('',(25.38959219748,-1.809384294581,
    13.906091107305));
#220 = CARTESIAN_POINT('',(25.356783093677,-1.726531645745,
    13.901043552873));
#221 = CARTESIAN_POINT('',(25.325903251761,-1.643321312102,
    13.896292807963));
#222 = CARTESIAN_POINT('',(25.220908046325,-1.340518199451,
    13.880139699435));
#223 = CARTESIAN_POINT('',(25.158069863839,-1.119018532954,
    13.870472286744));
#224 = CARTESIAN_POINT('',(25.108126448175,-0.89580605807,
    13.862788684335));
#225 = CARTESIAN_POINT('',(25.070872771674,-0.671360789715,
    13.857057349488));
#226 = CARTESIAN_POINT('',(25.04616847319,-0.446125476105,
    13.853256688183));
#227 = CARTESIAN_POINT('',(25.03393526386,-0.220507209078,
    13.851374655978));
#228 = CARTESIAN_POINT('',(25.034511418715,0.314845073312,
    13.851463295187));
#229 = CARTESIAN_POINT('',(25.058352671198,0.624453670935,
    13.855131180184));
#230 = CARTESIAN_POINT('',(25.10567873226,0.933076838099,13.862412112655
    ));
#231 = CARTESIAN_POINT('',(25.176790857128,1.239653104224,
    13.873352439558));
#232 = CARTESIAN_POINT('',(25.272198541378,1.542935389276,
    13.888030544827));
#233 = CARTESIAN_POINT('',(25.392585815996,1.841490820415,
    13.906551663999));
#234 = CARTESIAN_POINT('',(25.59373785636,2.242793700949,13.937498131748
    ));
#235 = CARTESIAN_POINT('',(25.65207196675,2.351024986621,13.946472610269
    ));
#236 = CARTESIAN_POINT('',(25.714085034109,2.458253970079,
    13.956013082171));
#237 = CARTESIAN_POINT('',(25.779829714394,2.564374591412,
    13.966127648368));
#238 = CARTESIAN_POINT('',(25.849360174971,2.66926889244,13.976824642303
    ));
#239 = CARTESIAN_POINT('',(25.922731650696,2.772807009456,
    13.988112561646));
#240 = CARTESIAN_POINT('',(26.,2.874847165974,14.));
#241 = ORIENTED_EDGE('',*,*,#242,.F.);
#242 = EDGE_CURVE('',#103,#206,#243,.T.);
#243 = LINE('',#244,#245);
#244 = CARTESIAN_POINT('',(26.,6.,14.));
#245 = VECTOR('',#246,1.);
#246 = DIRECTION('',(0.,-1.,0.));
#247 = B_SPLINE_SURFACE_WITH_KNOTS('',1,1,(
    (#248,#249)
    ,(#250,#251
  )),.UNSPECIFIED.,.F.,.F.,.F.,(2,2),(2,2),(0.,12.),(0.,1.),
  .PIECEWISE_BEZIER_KNOTS.);
#248 = CARTESIAN_POINT('',(0.,5.,10.));
#249 = CARTESIAN_POINT('',(26.,6.,14.));
#250 = CARTESIAN_POINT('',(0.,-5.,10.));
#251 = CARTESIAN_POINT('',(26.,-6.,14.));
#252 = ADVANCED_FACE('',(#253),#290,.F.);
#253 = FACE_BOUND('',#254,.F.);
#254 = EDGE_LOOP('',(#255,#266,#275,#281,#282,#283));
#255 = ORIENTED_EDGE('',*,*,#256,.F.);
#256 = EDGE_CURVE('',#257,#259,#261,.T.);
#257 = VERTEX_POINT('',#258);
#258 = CARTESIAN_POINT('',(1.249,-1.484924240492,6.484924240492));
#259 = VERTEX_POINT('',#260);
#260 = CARTESIAN_POINT('',(1.249,1.484924240492,6.484924240492));
#261 = CIRCLE('',#262,2.1);
#262 = AXIS2_PLACEMENT_3D('',#263,#264,#265);
#263 = CARTESIAN_POINT('',(1.249,0.,5.));
#264 = DIRECTION('',(1.,0.,-0.));
#265 = DIRECTION('',(0.,0.,1.));
#266 = ORIENTED_EDGE('',*,*,#267,.F.);
#267 = EDGE_CURVE('',#268,#257,#270,.T.);
#268 = VERTEX_POINT('',#269);
#269 = CARTESIAN_POINT('',(0.379151519016,3.637015436189E-16,
    7.969848480983));
#270 = HYPERBOLA('',#271,2.1,2.1);
#271 = AXIS2_PLACEMENT_3D('',#272,#273,#274);
#272 = CARTESIAN_POINT('',(3.349,-1.484924240492,6.484924240492));
#273 = DIRECTION('',(0.,-0.707106781187,0.707106781187));
#274 = DIRECTION('',(-1.,0.,0.));
#275 = ORIENTED_EDGE('',*,*,#276,.F.);
#276 = EDGE_CURVE('',#85,#268,#277,.T.);
#277 = LINE('',#278,#279);
#278 = CARTESIAN_POINT('',(-9.999999999999E-04,8.205133554287E-16,8.35)
  );
#279 = VECTOR('',#280,1.);
#280 = DIRECTION('',(0.707106781187,-1.731912112471E-16,-0.707106781187)
  );
#281 = ORIENTED_EDGE('',*,*,#84,.T.);
#282 = ORIENTED_EDGE('',*,*,#276,.T.);
#283 = ORIENTED_EDGE('',*,*,#284,.F.);
#284 = EDGE_CURVE('',#259,#268,#285,.T.);
#285 = HYPERBOLA('',#286,2.1,2.1);
#286 = AXIS2_PLACEMENT_3D('',#287,#288,#289);
#287 = CARTESIAN_POINT('',(3.349,1.484924240492,6.484924240492));
#288 = DIRECTION('',(0.,0.707106781187,0.707106781187));
#289 = DIRECTION('',(-1.,0.,0.));
#290 = CONICAL_SURFACE('',#291,3.35,0.785398163397);
#291 = AXIS2_PLACEMENT_3D('',#292,#293,#294);
#292 = CARTESIAN_POINT('',(-1.E-03,0.,5.));
#293 = DIRECTION('',(-1.,-0.,-0.));
#294 = DIRECTION('',(0.,0.,1.));
#295 = ADVANCED_FACE('',(#296),#314,.T.);
#296 = FACE_BOUND('',#297,.T.);
#297 = EDGE_LOOP('',(#298,#299,#300,#308));
#298 = ORIENTED_EDGE('',*,*,#157,.F.);
#299 = ORIENTED_EDGE('',*,*,#109,.T.);
#300 = ORIENTED_EDGE('',*,*,#301,.T.);
#301 = EDGE_CURVE('',#103,#302,#304,.T.);
#302 = VERTEX_POINT('',#303);
#303 = CARTESIAN_POINT('',(53.5,6.,14.));
#304 = LINE('',#305,#306);
#305 = CARTESIAN_POINT('',(26.,6.,14.));
#306 = VECTOR('',#307,1.);
#307 = DIRECTION('',(1.,0.,0.));
#308 = ORIENTED_EDGE('',*,*,#309,.F.);
#309 = EDGE_CURVE('',#150,#302,#310,.T.);
#310 = LINE('',#311,#312);
#311 = CARTESIAN_POINT('',(53.5,6.,0.));
#312 = VECTOR('',#313,1.);
#313 = DIRECTION('',(0.,0.,1.));
#314 = PLANE('',#315);
#315 = AXIS2_PLACEMENT_3D('',#316,#317,#318);
#316 = CARTESIAN_POINT('',(26.,6.,0.));
#317 = DIRECTION('',(0.,1.,0.));
#318 = DIRECTION('',(0.,0.,1.));
#319 = ADVANCED_FACE('',(#320),#337,.F.);
#320 = FACE_BOUND('',#321,.F.);
#321 = EDGE_LOOP('',(#322,#323,#331));
#322 = ORIENTED_EDGE('',*,*,#149,.T.);
#323 = ORIENTED_EDGE('',*,*,#324,.T.);
#324 = EDGE_CURVE('',#142,#325,#327,.T.);
#325 = VERTEX_POINT('',#326);
#326 = CARTESIAN_POINT('',(67.5,20.,0.));
#327 = LINE('',#328,#329);
#328 = CARTESIAN_POINT('',(67.5,-48.5,0.));
#329 = VECTOR('',#330,1.);
#330 = DIRECTION('',(0.,1.,0.));
#331 = ORIENTED_EDGE('',*,*,#332,.T.);
#332 = EDGE_CURVE('',#325,#150,#333,.T.);
#333 = LINE('',#334,#335);
#334 = CARTESIAN_POINT('',(67.5,20.,0.));
#335 = VECTOR('',#336,1.);
#336 = DIRECTION('',(-0.707106781187,-0.707106781187,0.));
#337 = PLANE('',#338);
#338 = AXIS2_PLACEMENT_3D('',#339,#340,#341);
#339 = CARTESIAN_POINT('',(62.550252531694,10.949747468306,0.));
#340 = DIRECTION('',(0.,0.,1.));
#341 = DIRECTION('',(1.,0.,0.));
#342 = ADVANCED_FACE('',(#343),#368,.F.);
#343 = FACE_BOUND('',#344,.F.);
#344 = EDGE_LOOP('',(#345,#346,#354,#362));
#345 = ORIENTED_EDGE('',*,*,#141,.F.);
#346 = ORIENTED_EDGE('',*,*,#347,.T.);
#347 = EDGE_CURVE('',#134,#348,#350,.T.);
#348 = VERTEX_POINT('',#349);
#349 = CARTESIAN_POINT('',(79.5,-6.,0.));
#350 = LINE('',#351,#352);
#351 = CARTESIAN_POINT('',(26.,-6.,0.));
#352 = VECTOR('',#353,1.);
#353 = DIRECTION('',(1.,0.,0.));
#354 = ORIENTED_EDGE('',*,*,#355,.T.);
#355 = EDGE_CURVE('',#348,#356,#358,.T.);
#356 = VERTEX_POINT('',#357);
#357 = CARTESIAN_POINT('',(79.5,6.,0.));
#358 = LINE('',#359,#360);
#359 = CARTESIAN_POINT('',(79.5,-48.5,0.));
#360 = VECTOR('',#361,1.);
#361 = DIRECTION('',(0.,1.,0.));
#362 = ORIENTED_EDGE('',*,*,#363,.F.);
#363 = EDGE_CURVE('',#142,#356,#364,.T.);
#364 = LINE('',#365,#366);
#365 = CARTESIAN_POINT('',(26.,6.,0.));
#366 = VECTOR('',#367,1.);
#367 = DIRECTION('',(1.,0.,0.));
#368 = PLANE('',#369);
#369 = AXIS2_PLACEMENT_3D('',#370,#371,#372);
#370 = CARTESIAN_POINT('',(26.,-6.,0.));
#371 = DIRECTION('',(0.,0.,1.));
#372 = DIRECTION('',(1.,0.,0.));
#373 = ADVANCED_FACE('',(#374),#392,.F.);
#374 = FACE_BOUND('',#375,.F.);
#375 = EDGE_LOOP('',(#376,#377,#378,#386));
#376 = ORIENTED_EDGE('',*,*,#125,.F.);
#377 = ORIENTED_EDGE('',*,*,#173,.F.);
#378 = ORIENTED_EDGE('',*,*,#379,.T.);
#379 = EDGE_CURVE('',#174,#380,#382,.T.);
#380 = VERTEX_POINT('',#381);
#381 = CARTESIAN_POINT('',(53.5,-6.,14.));
#382 = LINE('',#383,#384);
#383 = CARTESIAN_POINT('',(26.,-6.,14.));
#384 = VECTOR('',#385,1.);
#385 = DIRECTION('',(1.,0.,0.));
#386 = ORIENTED_EDGE('',*,*,#387,.F.);
#387 = EDGE_CURVE('',#126,#380,#388,.T.);
#388 = LINE('',#389,#390);
#389 = CARTESIAN_POINT('',(53.5,-6.,0.));
#390 = VECTOR('',#391,1.);
#391 = DIRECTION('',(0.,0.,1.));
#392 = PLANE('',#393);
#393 = AXIS2_PLACEMENT_3D('',#394,#395,#396);
#394 = CARTESIAN_POINT('',(26.,-6.,0.));
#395 = DIRECTION('',(0.,1.,0.));
#396 = DIRECTION('',(0.,0.,1.));
#397 = ADVANCED_FACE('',(#398),#415,.T.);
#398 = FACE_BOUND('',#399,.T.);
#399 = EDGE_LOOP('',(#400,#401,#409));
#400 = ORIENTED_EDGE('',*,*,#133,.T.);
#401 = ORIENTED_EDGE('',*,*,#402,.F.);
#402 = EDGE_CURVE('',#403,#134,#405,.T.);
#403 = VERTEX_POINT('',#404);
#404 = CARTESIAN_POINT('',(67.5,-20.,0.));
#405 = LINE('',#406,#407);
#406 = CARTESIAN_POINT('',(67.5,-48.5,0.));
#407 = VECTOR('',#408,1.);
#408 = DIRECTION('',(0.,1.,0.));
#409 = ORIENTED_EDGE('',*,*,#410,.T.);
#410 = EDGE_CURVE('',#403,#126,#411,.T.);
#411 = LINE('',#412,#413);
#412 = CARTESIAN_POINT('',(67.5,-20.,0.));
#413 = VECTOR('',#414,1.);
#414 = DIRECTION('',(-0.707106781187,0.707106781187,0.));
#415 = PLANE('',#416);
#416 = AXIS2_PLACEMENT_3D('',#417,#418,#419);
#417 = CARTESIAN_POINT('',(62.550252531694,-10.9497474683,0.));
#418 = DIRECTION('',(-0.,-0.,-1.));
#419 = DIRECTION('',(-1.,0.,0.));
#420 = ADVANCED_FACE('',(#421),#465,.T.);
#421 = FACE_BOUND('',#422,.T.);
#422 = EDGE_LOOP('',(#423,#424,#425,#434,#441,#442,#443,#451,#459));
#423 = ORIENTED_EDGE('',*,*,#301,.F.);
#424 = ORIENTED_EDGE('',*,*,#242,.T.);
#425 = ORIENTED_EDGE('',*,*,#426,.F.);
#426 = EDGE_CURVE('',#427,#206,#429,.T.);
#427 = VERTEX_POINT('',#428);
#428 = CARTESIAN_POINT('',(34.925925925926,-1.206503883604E-15,14.));
#429 = CIRCLE('',#430,4.925925925926);
#430 = AXIS2_PLACEMENT_3D('',#431,#432,#433);
#431 = CARTESIAN_POINT('',(30.,0.,14.));
#432 = DIRECTION('',(0.,0.,1.));
#433 = DIRECTION('',(1.,0.,0.));
#434 = ORIENTED_EDGE('',*,*,#435,.F.);
#435 = EDGE_CURVE('',#198,#427,#436,.T.);
#436 = CIRCLE('',#437,4.925925925926);
#437 = AXIS2_PLACEMENT_3D('',#438,#439,#440);
#438 = CARTESIAN_POINT('',(30.,0.,14.));
#439 = DIRECTION('',(0.,0.,1.));
#440 = DIRECTION('',(1.,0.,0.));
#441 = ORIENTED_EDGE('',*,*,#197,.T.);
#442 = ORIENTED_EDGE('',*,*,#379,.T.);
#443 = ORIENTED_EDGE('',*,*,#444,.T.);
#444 = EDGE_CURVE('',#380,#445,#447,.T.);
#445 = VERTEX_POINT('',#446);
#446 = CARTESIAN_POINT('',(67.5,-6.,14.));
#447 = LINE('',#448,#449);
#448 = CARTESIAN_POINT('',(26.,-6.,14.));
#449 = VECTOR('',#450,1.);
#450 = DIRECTION('',(1.,0.,0.));
#451 = ORIENTED_EDGE('',*,*,#452,.T.);
#452 = EDGE_CURVE('',#445,#453,#455,.T.);
#453 = VERTEX_POINT('',#454);
#454 = CARTESIAN_POINT('',(67.5,6.,14.));
#455 = LINE('',#456,#457);
#456 = CARTESIAN_POINT('',(67.5,-48.5,14.));
#457 = VECTOR('',#458,1.);
#458 = DIRECTION('',(0.,1.,0.));
#459 = ORIENTED_EDGE('',*,*,#460,.F.);
#460 = EDGE_CURVE('',#302,#453,#461,.T.);
#461 = LINE('',#462,#463);
#462 = CARTESIAN_POINT('',(26.,6.,14.));
#463 = VECTOR('',#464,1.);
#464 = DIRECTION('',(1.,0.,0.));
#465 = PLANE('',#466);
#466 = AXIS2_PLACEMENT_3D('',#467,#468,#469);
#467 = CARTESIAN_POINT('',(26.,-6.,14.));
#468 = DIRECTION('',(0.,0.,1.));
#469 = DIRECTION('',(1.,0.,0.));
#470 = ADVANCED_FACE('',(#471),#492,.T.);
#471 = FACE_BOUND('',#472,.T.);
#472 = EDGE_LOOP('',(#473,#481,#488,#489,#490,#491));
#473 = ORIENTED_EDGE('',*,*,#474,.T.);
#474 = EDGE_CURVE('',#427,#475,#477,.T.);
#475 = VERTEX_POINT('',#476);
#476 = CARTESIAN_POINT('',(34.388888888889,-1.074967745918E-15,16.));
#477 = LINE('',#478,#479);
#478 = CARTESIAN_POINT('',(36.,-1.469576158977E-15,10.));
#479 = VECTOR('',#480,1.);
#480 = DIRECTION('',(-0.259332024171,6.351802666342E-17,0.965788227946)
  );
#481 = ORIENTED_EDGE('',*,*,#482,.F.);
#482 = EDGE_CURVE('',#475,#475,#483,.T.);
#483 = CIRCLE('',#484,4.388888888889);
#484 = AXIS2_PLACEMENT_3D('',#485,#486,#487);
#485 = CARTESIAN_POINT('',(30.,0.,16.));
#486 = DIRECTION('',(0.,0.,1.));
#487 = DIRECTION('',(1.,0.,0.));
#488 = ORIENTED_EDGE('',*,*,#474,.F.);
#489 = ORIENTED_EDGE('',*,*,#426,.T.);
#490 = ORIENTED_EDGE('',*,*,#205,.F.);
#491 = ORIENTED_EDGE('',*,*,#435,.T.);
#492 = CONICAL_SURFACE('',#493,6.,0.262330500626);
#493 = AXIS2_PLACEMENT_3D('',#494,#495,#496);
#494 = CARTESIAN_POINT('',(30.,0.,10.));
#495 = DIRECTION('',(-0.,-0.,-1.));
#496 = DIRECTION('',(1.,0.,0.));
#497 = ADVANCED_FACE('',(#498),#524,.F.);
#498 = FACE_BOUND('',#499,.F.);
#499 = EDGE_LOOP('',(#500,#511,#517,#518));
#500 = ORIENTED_EDGE('',*,*,#501,.F.);
#501 = EDGE_CURVE('',#502,#504,#506,.T.);
#502 = VERTEX_POINT('',#503);
#503 = CARTESIAN_POINT('',(14.,-1.484924240492,6.484924240492));
#504 = VERTEX_POINT('',#505);
#505 = CARTESIAN_POINT('',(14.,1.484924240492,6.484924240492));
#506 = CIRCLE('',#507,2.1);
#507 = AXIS2_PLACEMENT_3D('',#508,#509,#510);
#508 = CARTESIAN_POINT('',(14.,0.,5.));
#509 = DIRECTION('',(1.,0.,-0.));
#510 = DIRECTION('',(0.,0.,1.));
#511 = ORIENTED_EDGE('',*,*,#512,.F.);
#512 = EDGE_CURVE('',#257,#502,#513,.T.);
#513 = LINE('',#514,#515);
#514 = CARTESIAN_POINT('',(0.,-1.484924240492,6.484924240492));
#515 = VECTOR('',#516,1.);
#516 = DIRECTION('',(1.,0.,0.));
#517 = ORIENTED_EDGE('',*,*,#256,.T.);
#518 = ORIENTED_EDGE('',*,*,#519,.T.);
#519 = EDGE_CURVE('',#259,#504,#520,.T.);
#520 = LINE('',#521,#522);
#521 = CARTESIAN_POINT('',(0.,1.484924240492,6.484924240492));
#522 = VECTOR('',#523,1.);
#523 = DIRECTION('',(1.,0.,0.));
#524 = CYLINDRICAL_SURFACE('',#525,2.1);
#525 = AXIS2_PLACEMENT_3D('',#526,#527,#528);
#526 = CARTESIAN_POINT('',(0.,0.,5.));
#527 = DIRECTION('',(1.,0.,0.));
#528 = DIRECTION('',(0.,0.,1.));
#529 = ADVANCED_FACE('',(#530),#548,.F.);
#530 = FACE_BOUND('',#531,.F.);
#531 = EDGE_LOOP('',(#532,#533,#541,#547));
#532 = ORIENTED_EDGE('',*,*,#284,.T.);
#533 = ORIENTED_EDGE('',*,*,#534,.T.);
#534 = EDGE_CURVE('',#268,#535,#537,.T.);
#535 = VERTEX_POINT('',#536);
#536 = CARTESIAN_POINT('',(14.,0.,7.969848480983));
#537 = LINE('',#538,#539);
#538 = CARTESIAN_POINT('',(0.,0.,7.969848480983));
#539 = VECTOR('',#540,1.);
#540 = DIRECTION('',(1.,0.,0.));
#541 = ORIENTED_EDGE('',*,*,#542,.T.);
#542 = EDGE_CURVE('',#535,#504,#543,.T.);
#543 = LINE('',#544,#545);
#544 = CARTESIAN_POINT('',(14.,0.,7.969848480983));
#545 = VECTOR('',#546,1.);
#546 = DIRECTION('',(0.,0.707106781187,-0.707106781187));
#547 = ORIENTED_EDGE('',*,*,#519,.F.);
#548 = PLANE('',#549);
#549 = AXIS2_PLACEMENT_3D('',#550,#551,#552);
#550 = CARTESIAN_POINT('',(0.,0.,7.969848480983));
#551 = DIRECTION('',(0.,0.707106781187,0.707106781187));
#552 = DIRECTION('',(0.,0.707106781187,-0.707106781187));
#553 = ADVANCED_FACE('',(#554),#565,.F.);
#554 = FACE_BOUND('',#555,.F.);
#555 = EDGE_LOOP('',(#556,#557,#558,#564));
#556 = ORIENTED_EDGE('',*,*,#267,.T.);
#557 = ORIENTED_EDGE('',*,*,#512,.T.);
#558 = ORIENTED_EDGE('',*,*,#559,.T.);
#559 = EDGE_CURVE('',#502,#535,#560,.T.);
#560 = LINE('',#561,#562);
#561 = CARTESIAN_POINT('',(14.,-1.484924240492,6.484924240492));
#562 = VECTOR('',#563,1.);
#563 = DIRECTION('',(0.,0.707106781187,0.707106781187));
#564 = ORIENTED_EDGE('',*,*,#534,.F.);
#565 = PLANE('',#566);
#566 = AXIS2_PLACEMENT_3D('',#567,#568,#569);
#567 = CARTESIAN_POINT('',(0.,-1.484924240492,6.484924240492));
#568 = DIRECTION('',(0.,-0.707106781187,0.707106781187));
#569 = DIRECTION('',(0.,0.707106781187,0.707106781187));
#570 = ADVANCED_FACE('',(#571),#589,.F.);
#571 = FACE_BOUND('',#572,.F.);
#572 = EDGE_LOOP('',(#573,#581,#587,#588));
#573 = ORIENTED_EDGE('',*,*,#574,.T.);
#574 = EDGE_CURVE('',#325,#575,#577,.T.);
#575 = VERTEX_POINT('',#576);
#576 = CARTESIAN_POINT('',(67.5,20.,14.));
#577 = LINE('',#578,#579);
#578 = CARTESIAN_POINT('',(67.5,20.,0.));
#579 = VECTOR('',#580,1.);
#580 = DIRECTION('',(0.,0.,1.));
#581 = ORIENTED_EDGE('',*,*,#582,.T.);
#582 = EDGE_CURVE('',#575,#302,#583,.T.);
#583 = LINE('',#584,#585);
#584 = CARTESIAN_POINT('',(67.5,20.,14.));
#585 = VECTOR('',#586,1.);
#586 = DIRECTION('',(-0.707106781187,-0.707106781187,0.));
#587 = ORIENTED_EDGE('',*,*,#309,.F.);
#588 = ORIENTED_EDGE('',*,*,#332,.F.);
#589 = PLANE('',#590);
#590 = AXIS2_PLACEMENT_3D('',#591,#592,#593);
#591 = CARTESIAN_POINT('',(67.5,20.,0.));
#592 = DIRECTION('',(0.707106781187,-0.707106781187,0.));
#593 = DIRECTION('',(-0.707106781187,-0.707106781187,0.));
#594 = ADVANCED_FACE('',(#595),#629,.F.);
#595 = FACE_BOUND('',#596,.F.);
#596 = EDGE_LOOP('',(#597,#598,#599,#607,#615,#623));
#597 = ORIENTED_EDGE('',*,*,#324,.F.);
#598 = ORIENTED_EDGE('',*,*,#363,.T.);
#599 = ORIENTED_EDGE('',*,*,#600,.T.);
#600 = EDGE_CURVE('',#356,#601,#603,.T.);
#601 = VERTEX_POINT('',#602);
#602 = CARTESIAN_POINT('',(79.5,20.,0.));
#603 = LINE('',#604,#605);
#604 = CARTESIAN_POINT('',(79.5,-48.5,0.));
#605 = VECTOR('',#606,1.);
#606 = DIRECTION('',(0.,1.,0.));
#607 = ORIENTED_EDGE('',*,*,#608,.T.);
#608 = EDGE_CURVE('',#601,#609,#611,.T.);
#609 = VERTEX_POINT('',#610);
#610 = CARTESIAN_POINT('',(79.5,63.,0.));
#611 = LINE('',#612,#613);
#612 = CARTESIAN_POINT('',(79.5,-48.5,0.));
#613 = VECTOR('',#614,1.);
#614 = DIRECTION('',(0.,1.,0.));
#615 = ORIENTED_EDGE('',*,*,#616,.F.);
#616 = EDGE_CURVE('',#617,#609,#619,.T.);
#617 = VERTEX_POINT('',#618);
#618 = CARTESIAN_POINT('',(67.5,63.,0.));
#619 = LINE('',#620,#621);
#620 = CARTESIAN_POINT('',(67.5,63.,0.));
#621 = VECTOR('',#622,1.);
#622 = DIRECTION('',(1.,0.,0.));
#623 = ORIENTED_EDGE('',*,*,#624,.F.);
#624 = EDGE_CURVE('',#325,#617,#625,.T.);
#625 = LINE('',#626,#627);
#626 = CARTESIAN_POINT('',(67.5,-48.5,0.));
#627 = VECTOR('',#628,1.);
#628 = DIRECTION('',(0.,1.,0.));
#629 = PLANE('',#630);
#630 = AXIS2_PLACEMENT_3D('',#631,#632,#633);
#631 = CARTESIAN_POINT('',(67.5,-48.5,0.));
#632 = DIRECTION('',(0.,0.,1.));
#633 = DIRECTION('',(1.,0.,0.));
#634 = ADVANCED_FACE('',(#635),#692,.F.);
#635 = FACE_BOUND('',#636,.F.);
#636 = EDGE_LOOP('',(#637,#638,#646,#654,#662,#670,#678,#686));
#637 = ORIENTED_EDGE('',*,*,#355,.F.);
#638 = ORIENTED_EDGE('',*,*,#639,.T.);
#639 = EDGE_CURVE('',#348,#640,#642,.T.);
#640 = VERTEX_POINT('',#641);
#641 = CARTESIAN_POINT('',(93.5,-6.,0.));
#642 = LINE('',#643,#644);
#643 = CARTESIAN_POINT('',(26.,-6.,0.));
#644 = VECTOR('',#645,1.);
#645 = DIRECTION('',(1.,0.,0.));
#646 = ORIENTED_EDGE('',*,*,#647,.T.);
#647 = EDGE_CURVE('',#640,#648,#650,.T.);
#648 = VERTEX_POINT('',#649);
#649 = CARTESIAN_POINT('',(155.,-6.,0.));
#650 = LINE('',#651,#652);
#651 = CARTESIAN_POINT('',(26.,-6.,0.));
#652 = VECTOR('',#653,1.);
#653 = DIRECTION('',(1.,0.,0.));
#654 = ORIENTED_EDGE('',*,*,#655,.T.);
#655 = EDGE_CURVE('',#648,#656,#658,.T.);
#656 = VERTEX_POINT('',#657);
#657 = CARTESIAN_POINT('',(155.,-4.,0.));
#658 = LINE('',#659,#660);
#659 = CARTESIAN_POINT('',(155.,-6.,0.));
#660 = VECTOR('',#661,1.);
#661 = DIRECTION('',(0.,1.,0.));
#662 = ORIENTED_EDGE('',*,*,#663,.T.);
#663 = EDGE_CURVE('',#656,#664,#666,.T.);
#664 = VERTEX_POINT('',#665);
#665 = CARTESIAN_POINT('',(155.,4.,0.));
#666 = LINE('',#667,#668);
#667 = CARTESIAN_POINT('',(155.,-6.,0.));
#668 = VECTOR('',#669,1.);
#669 = DIRECTION('',(0.,1.,0.));
#670 = ORIENTED_EDGE('',*,*,#671,.T.);
#671 = EDGE_CURVE('',#664,#672,#674,.T.);
#672 = VERTEX_POINT('',#673);
#673 = CARTESIAN_POINT('',(155.,6.,0.));
#674 = LINE('',#675,#676);
#675 = CARTESIAN_POINT('',(155.,-6.,0.));
#676 = VECTOR('',#677,1.);
#677 = DIRECTION('',(0.,1.,0.));
#678 = ORIENTED_EDGE('',*,*,#679,.F.);
#679 = EDGE_CURVE('',#680,#672,#682,.T.);
#680 = VERTEX_POINT('',#681);
#681 = CARTESIAN_POINT('',(93.5,6.,0.));
#682 = LINE('',#683,#684);
#683 = CARTESIAN_POINT('',(26.,6.,0.));
#684 = VECTOR('',#685,1.);
#685 = DIRECTION('',(1.,0.,0.));
#686 = ORIENTED_EDGE('',*,*,#687,.F.);
#687 = EDGE_CURVE('',#356,#680,#688,.T.);
#688 = LINE('',#689,#690);
#689 = CARTESIAN_POINT('',(26.,6.,0.));
#690 = VECTOR('',#691,1.);
#691 = DIRECTION('',(1.,0.,0.));
#692 = PLANE('',#693);
#693 = AXIS2_PLACEMENT_3D('',#694,#695,#696);
#694 = CARTESIAN_POINT('',(26.,-6.,0.));
#695 = DIRECTION('',(0.,0.,1.));
#696 = DIRECTION('',(1.,0.,0.));
#697 = ADVANCED_FACE('',(#698),#732,.F.);
#698 = FACE_BOUND('',#699,.F.);
#699 = EDGE_LOOP('',(#700,#708,#716,#724,#730,#731));
#700 = ORIENTED_EDGE('',*,*,#701,.F.);
#701 = EDGE_CURVE('',#702,#403,#704,.T.);
#702 = VERTEX_POINT('',#703);
#703 = CARTESIAN_POINT('',(67.5,-48.5,0.));
#704 = LINE('',#705,#706);
#705 = CARTESIAN_POINT('',(67.5,-48.5,0.));
#706 = VECTOR('',#707,1.);
#707 = DIRECTION('',(0.,1.,0.));
#708 = ORIENTED_EDGE('',*,*,#709,.T.);
#709 = EDGE_CURVE('',#702,#710,#712,.T.);
#710 = VERTEX_POINT('',#711);
#711 = CARTESIAN_POINT('',(79.5,-48.5,0.));
#712 = LINE('',#713,#714);
#713 = CARTESIAN_POINT('',(67.5,-48.5,0.));
#714 = VECTOR('',#715,1.);
#715 = DIRECTION('',(1.,0.,0.));
#716 = ORIENTED_EDGE('',*,*,#717,.T.);
#717 = EDGE_CURVE('',#710,#718,#720,.T.);
#718 = VERTEX_POINT('',#719);
#719 = CARTESIAN_POINT('',(79.5,-20.,0.));
#720 = LINE('',#721,#722);
#721 = CARTESIAN_POINT('',(79.5,-48.5,0.));
#722 = VECTOR('',#723,1.);
#723 = DIRECTION('',(0.,1.,0.));
#724 = ORIENTED_EDGE('',*,*,#725,.T.);
#725 = EDGE_CURVE('',#718,#348,#726,.T.);
#726 = LINE('',#727,#728);
#727 = CARTESIAN_POINT('',(79.5,-48.5,0.));
#728 = VECTOR('',#729,1.);
#729 = DIRECTION('',(0.,1.,0.));
#730 = ORIENTED_EDGE('',*,*,#347,.F.);
#731 = ORIENTED_EDGE('',*,*,#402,.F.);
#732 = PLANE('',#733);
#733 = AXIS2_PLACEMENT_3D('',#734,#735,#736);
#734 = CARTESIAN_POINT('',(67.5,-48.5,0.));
#735 = DIRECTION('',(0.,0.,1.));
#736 = DIRECTION('',(1.,0.,0.));
#737 = ADVANCED_FACE('',(#738),#756,.T.);
#738 = FACE_BOUND('',#739,.T.);
#739 = EDGE_LOOP('',(#740,#748,#754,#755));
#740 = ORIENTED_EDGE('',*,*,#741,.T.);
#741 = EDGE_CURVE('',#403,#742,#744,.T.);
#742 = VERTEX_POINT('',#743);
#743 = CARTESIAN_POINT('',(67.5,-20.,14.));
#744 = LINE('',#745,#746);
#745 = CARTESIAN_POINT('',(67.5,-20.,0.));
#746 = VECTOR('',#747,1.);
#747 = DIRECTION('',(0.,0.,1.));
#748 = ORIENTED_EDGE('',*,*,#749,.T.);
#749 = EDGE_CURVE('',#742,#380,#750,.T.);
#750 = LINE('',#751,#752);
#751 = CARTESIAN_POINT('',(67.5,-20.,14.));
#752 = VECTOR('',#753,1.);
#753 = DIRECTION('',(-0.707106781187,0.707106781187,0.));
#754 = ORIENTED_EDGE('',*,*,#387,.F.);
#755 = ORIENTED_EDGE('',*,*,#410,.F.);
#756 = PLANE('',#757);
#757 = AXIS2_PLACEMENT_3D('',#758,#759,#760);
#758 = CARTESIAN_POINT('',(67.5,-20.,0.));
#759 = DIRECTION('',(-0.707106781187,-0.707106781187,0.));
#760 = DIRECTION('',(-0.707106781187,0.707106781187,0.));
#761 = ADVANCED_FACE('',(#762),#772,.T.);
#762 = FACE_BOUND('',#763,.T.);
#763 = EDGE_LOOP('',(#764,#765,#771));
#764 = ORIENTED_EDGE('',*,*,#460,.T.);
#765 = ORIENTED_EDGE('',*,*,#766,.T.);
#766 = EDGE_CURVE('',#453,#575,#767,.T.);
#767 = LINE('',#768,#769);
#768 = CARTESIAN_POINT('',(67.5,-48.5,14.));
#769 = VECTOR('',#770,1.);
#770 = DIRECTION('',(0.,1.,0.));
#771 = ORIENTED_EDGE('',*,*,#582,.T.);
#772 = PLANE('',#773);
#773 = AXIS2_PLACEMENT_3D('',#774,#775,#776);
#774 = CARTESIAN_POINT('',(62.550252531694,10.949747468306,14.));
#775 = DIRECTION('',(0.,0.,1.));
#776 = DIRECTION('',(1.,0.,0.));
#777 = ADVANCED_FACE('',(#778),#803,.T.);
#778 = FACE_BOUND('',#779,.T.);
#779 = EDGE_LOOP('',(#780,#788,#789,#797));
#780 = ORIENTED_EDGE('',*,*,#781,.F.);
#781 = EDGE_CURVE('',#453,#782,#784,.T.);
#782 = VERTEX_POINT('',#783);
#783 = CARTESIAN_POINT('',(79.5,6.,14.));
#784 = LINE('',#785,#786);
#785 = CARTESIAN_POINT('',(26.,6.,14.));
#786 = VECTOR('',#787,1.);
#787 = DIRECTION('',(1.,0.,0.));
#788 = ORIENTED_EDGE('',*,*,#452,.F.);
#789 = ORIENTED_EDGE('',*,*,#790,.T.);
#790 = EDGE_CURVE('',#445,#791,#793,.T.);
#791 = VERTEX_POINT('',#792);
#792 = CARTESIAN_POINT('',(79.5,-6.,14.));
#793 = LINE('',#794,#795);
#794 = CARTESIAN_POINT('',(26.,-6.,14.));
#795 = VECTOR('',#796,1.);
#796 = DIRECTION('',(1.,0.,0.));
#797 = ORIENTED_EDGE('',*,*,#798,.T.);
#798 = EDGE_CURVE('',#791,#782,#799,.T.);
#799 = LINE('',#800,#801);
#800 = CARTESIAN_POINT('',(79.5,-48.5,14.));
#801 = VECTOR('',#802,1.);
#802 = DIRECTION('',(0.,1.,0.));
#803 = PLANE('',#804);
#804 = AXIS2_PLACEMENT_3D('',#805,#806,#807);
#805 = CARTESIAN_POINT('',(26.,-6.,14.));
#806 = DIRECTION('',(0.,0.,1.));
#807 = DIRECTION('',(1.,0.,0.));
#808 = ADVANCED_FACE('',(#809),#819,.F.);
#809 = FACE_BOUND('',#810,.F.);
#810 = EDGE_LOOP('',(#811,#812,#818));
#811 = ORIENTED_EDGE('',*,*,#444,.T.);
#812 = ORIENTED_EDGE('',*,*,#813,.F.);
#813 = EDGE_CURVE('',#742,#445,#814,.T.);
#814 = LINE('',#815,#816);
#815 = CARTESIAN_POINT('',(67.5,-48.5,14.));
#816 = VECTOR('',#817,1.);
#817 = DIRECTION('',(0.,1.,0.));
#818 = ORIENTED_EDGE('',*,*,#749,.T.);
#819 = PLANE('',#820);
#820 = AXIS2_PLACEMENT_3D('',#821,#822,#823);
#821 = CARTESIAN_POINT('',(62.550252531694,-10.9497474683,14.));
#822 = DIRECTION('',(-0.,-0.,-1.));
#823 = DIRECTION('',(-1.,0.,0.));
#824 = ADVANCED_FACE('',(#825),#844,.T.);
#825 = FACE_BOUND('',#826,.T.);
#826 = EDGE_LOOP('',(#827,#835,#842,#843));
#827 = ORIENTED_EDGE('',*,*,#828,.T.);
#828 = EDGE_CURVE('',#475,#829,#831,.T.);
#829 = VERTEX_POINT('',#830);
#830 = CARTESIAN_POINT('',(34.388888888889,-1.074967745918E-15,30.));
#831 = LINE('',#832,#833);
#832 = CARTESIAN_POINT('',(34.388888888889,-1.074967745918E-15,10.));
#833 = VECTOR('',#834,1.);
#834 = DIRECTION('',(0.,0.,1.));
#835 = ORIENTED_EDGE('',*,*,#836,.F.);
#836 = EDGE_CURVE('',#829,#829,#837,.T.);
#837 = CIRCLE('',#838,4.388888888889);
#838 = AXIS2_PLACEMENT_3D('',#839,#840,#841);
#839 = CARTESIAN_POINT('',(30.,0.,30.));
#840 = DIRECTION('',(0.,0.,1.));
#841 = DIRECTION('',(1.,0.,0.));
#842 = ORIENTED_EDGE('',*,*,#828,.F.);
#843 = ORIENTED_EDGE('',*,*,#482,.T.);
#844 = CYLINDRICAL_SURFACE('',#845,4.388888888889);
#845 = AXIS2_PLACEMENT_3D('',#846,#847,#848);
#846 = CARTESIAN_POINT('',(30.,0.,10.));
#847 = DIRECTION('',(0.,0.,1.));
#848 = DIRECTION('',(1.,0.,0.));
#849 = ADVANCED_FACE('',(#850),#859,.F.);
#850 = FACE_BOUND('',#851,.F.);
#851 = EDGE_LOOP('',(#852,#858));
#852 = ORIENTED_EDGE('',*,*,#853,.T.);
#853 = EDGE_CURVE('',#504,#502,#854,.T.);
#854 = LINE('',#855,#856);
#855 = CARTESIAN_POINT('',(14.,1.484924240492,6.484924240492));
#856 = VECTOR('',#857,1.);
#857 = DIRECTION('',(0.,-1.,0.));
#858 = ORIENTED_EDGE('',*,*,#501,.T.);
#859 = PLANE('',#860);
#860 = AXIS2_PLACEMENT_3D('',#861,#862,#863);
#861 = CARTESIAN_POINT('',(14.,0.,5.));
#862 = DIRECTION('',(1.,0.,0.));
#863 = DIRECTION('',(0.,0.,1.));
#864 = ADVANCED_FACE('',(#865),#885,.T.);
#865 = FACE_BOUND('',#866,.T.);
#866 = EDGE_LOOP('',(#867,#876,#877,#878));
#867 = ORIENTED_EDGE('',*,*,#868,.T.);
#868 = EDGE_CURVE('',#869,#502,#871,.T.);
#869 = VERTEX_POINT('',#870);
#870 = CARTESIAN_POINT('',(14.,5.143516556419E-16,7.1));
#871 = CIRCLE('',#872,2.1);
#872 = AXIS2_PLACEMENT_3D('',#873,#874,#875);
#873 = CARTESIAN_POINT('',(14.,0.,5.));
#874 = DIRECTION('',(1.,0.,-0.));
#875 = DIRECTION('',(0.,0.,1.));
#876 = ORIENTED_EDGE('',*,*,#559,.T.);
#877 = ORIENTED_EDGE('',*,*,#542,.T.);
#878 = ORIENTED_EDGE('',*,*,#879,.T.);
#879 = EDGE_CURVE('',#504,#869,#880,.T.);
#880 = CIRCLE('',#881,2.1);
#881 = AXIS2_PLACEMENT_3D('',#882,#883,#884);
#882 = CARTESIAN_POINT('',(14.,0.,5.));
#883 = DIRECTION('',(1.,0.,-0.));
#884 = DIRECTION('',(0.,0.,1.));
#885 = PLANE('',#886);
#886 = AXIS2_PLACEMENT_3D('',#887,#888,#889);
#887 = CARTESIAN_POINT('',(14.,0.,6.919848480984));
#888 = DIRECTION('',(-1.,-0.,-0.));
#889 = DIRECTION('',(0.,0.,-1.));
#890 = ADVANCED_FACE('',(#891),#909,.F.);
#891 = FACE_BOUND('',#892,.F.);
#892 = EDGE_LOOP('',(#893,#901,#902,#903));
#893 = ORIENTED_EDGE('',*,*,#894,.F.);
#894 = EDGE_CURVE('',#575,#895,#897,.T.);
#895 = VERTEX_POINT('',#896);
#896 = CARTESIAN_POINT('',(67.5,63.,14.));
#897 = LINE('',#898,#899);
#898 = CARTESIAN_POINT('',(67.5,-48.5,14.));
#899 = VECTOR('',#900,1.);
#900 = DIRECTION('',(0.,1.,0.));
#901 = ORIENTED_EDGE('',*,*,#574,.F.);
#902 = ORIENTED_EDGE('',*,*,#624,.T.);
#903 = ORIENTED_EDGE('',*,*,#904,.T.);
#904 = EDGE_CURVE('',#617,#895,#905,.T.);
#905 = LINE('',#906,#907);
#906 = CARTESIAN_POINT('',(67.5,63.,0.));
#907 = VECTOR('',#908,1.);
#908 = DIRECTION('',(0.,0.,1.));
#909 = PLANE('',#910);
#910 = AXIS2_PLACEMENT_3D('',#911,#912,#913);
#911 = CARTESIAN_POINT('',(67.5,-48.5,0.));
#912 = DIRECTION('',(1.,0.,0.));
#913 = DIRECTION('',(0.,0.,1.));
#914 = ADVANCED_FACE('',(#915),#933,.T.);
#915 = FACE_BOUND('',#916,.T.);
#916 = EDGE_LOOP('',(#917,#918,#919,#927));
#917 = ORIENTED_EDGE('',*,*,#616,.F.);
#918 = ORIENTED_EDGE('',*,*,#904,.T.);
#919 = ORIENTED_EDGE('',*,*,#920,.T.);
#920 = EDGE_CURVE('',#895,#921,#923,.T.);
#921 = VERTEX_POINT('',#922);
#922 = CARTESIAN_POINT('',(79.5,63.,14.));
#923 = LINE('',#924,#925);
#924 = CARTESIAN_POINT('',(67.5,63.,14.));
#925 = VECTOR('',#926,1.);
#926 = DIRECTION('',(1.,0.,0.));
#927 = ORIENTED_EDGE('',*,*,#928,.F.);
#928 = EDGE_CURVE('',#609,#921,#929,.T.);
#929 = LINE('',#930,#931);
#930 = CARTESIAN_POINT('',(79.5,63.,0.));
#931 = VECTOR('',#932,1.);
#932 = DIRECTION('',(0.,0.,1.));
#933 = PLANE('',#934);
#934 = AXIS2_PLACEMENT_3D('',#935,#936,#937);
#935 = CARTESIAN_POINT('',(67.5,63.,0.));
#936 = DIRECTION('',(0.,1.,0.));
#937 = DIRECTION('',(0.,0.,1.));
#938 = ADVANCED_FACE('',(#939),#949,.T.);
#939 = FACE_BOUND('',#940,.T.);
#940 = EDGE_LOOP('',(#941,#942,#943));
#941 = ORIENTED_EDGE('',*,*,#687,.F.);
#942 = ORIENTED_EDGE('',*,*,#600,.T.);
#943 = ORIENTED_EDGE('',*,*,#944,.T.);
#944 = EDGE_CURVE('',#601,#680,#945,.T.);
#945 = LINE('',#946,#947);
#946 = CARTESIAN_POINT('',(79.5,20.,0.));
#947 = VECTOR('',#948,1.);
#948 = DIRECTION('',(0.707106781187,-0.707106781187,0.));
#949 = PLANE('',#950);
#950 = AXIS2_PLACEMENT_3D('',#951,#952,#953);
#951 = CARTESIAN_POINT('',(84.449747468306,10.949747468306,0.));
#952 = DIRECTION('',(-0.,-0.,-1.));
#953 = DIRECTION('',(-1.,0.,0.));
#954 = ADVANCED_FACE('',(#955),#973,.T.);
#955 = FACE_BOUND('',#956,.T.);
#956 = EDGE_LOOP('',(#957,#965,#971,#972));
#957 = ORIENTED_EDGE('',*,*,#958,.F.);
#958 = EDGE_CURVE('',#959,#921,#961,.T.);
#959 = VERTEX_POINT('',#960);
#960 = CARTESIAN_POINT('',(79.5,20.,14.));
#961 = LINE('',#962,#963);
#962 = CARTESIAN_POINT('',(79.5,-48.5,14.));
#963 = VECTOR('',#964,1.);
#964 = DIRECTION('',(0.,1.,0.));
#965 = ORIENTED_EDGE('',*,*,#966,.F.);
#966 = EDGE_CURVE('',#601,#959,#967,.T.);
#967 = LINE('',#968,#969);
#968 = CARTESIAN_POINT('',(79.5,20.,0.));
#969 = VECTOR('',#970,1.);
#970 = DIRECTION('',(0.,0.,1.));
#971 = ORIENTED_EDGE('',*,*,#608,.T.);
#972 = ORIENTED_EDGE('',*,*,#928,.T.);
#973 = PLANE('',#974);
#974 = AXIS2_PLACEMENT_3D('',#975,#976,#977);
#975 = CARTESIAN_POINT('',(79.5,-48.5,0.));
#976 = DIRECTION('',(1.,0.,0.));
#977 = DIRECTION('',(0.,0.,1.));
#978 = ADVANCED_FACE('',(#979),#1004,.T.);
#979 = FACE_BOUND('',#980,.T.);
#980 = EDGE_LOOP('',(#981,#982,#990,#998));
#981 = ORIENTED_EDGE('',*,*,#679,.F.);
#982 = ORIENTED_EDGE('',*,*,#983,.T.);
#983 = EDGE_CURVE('',#680,#984,#986,.T.);
#984 = VERTEX_POINT('',#985);
#985 = CARTESIAN_POINT('',(93.5,6.,14.));
#986 = LINE('',#987,#988);
#987 = CARTESIAN_POINT('',(93.5,6.,0.));
#988 = VECTOR('',#989,1.);
#989 = DIRECTION('',(0.,0.,1.));
#990 = ORIENTED_EDGE('',*,*,#991,.T.);
#991 = EDGE_CURVE('',#984,#992,#994,.T.);
#992 = VERTEX_POINT('',#993);
#993 = CARTESIAN_POINT('',(155.,6.,14.));
#994 = LINE('',#995,#996);
#995 = CARTESIAN_POINT('',(26.,6.,14.));
#996 = VECTOR('',#997,1.);
#997 = DIRECTION('',(1.,0.,0.));
#998 = ORIENTED_EDGE('',*,*,#999,.F.);
#999 = EDGE_CURVE('',#672,#992,#1000,.T.);
#1000 = LINE('',#1001,#1002);
#1001 = CARTESIAN_POINT('',(155.,6.,0.));
#1002 = VECTOR('',#1003,1.);
#1003 = DIRECTION('',(0.,0.,1.));
#1004 = PLANE('',#1005);
#1005 = AXIS2_PLACEMENT_3D('',#1006,#1007,#1008);
#1006 = CARTESIAN_POINT('',(26.,6.,0.));
#1007 = DIRECTION('',(0.,1.,0.));
#1008 = DIRECTION('',(0.,0.,1.));
#1009 = ADVANCED_FACE('',(#1010),#1051,.T.);
#1010 = FACE_BOUND('',#1011,.T.);
#1011 = EDGE_LOOP('',(#1012,#1020,#1026,#1027,#1035,#1043,#1049,#1050));
#1012 = ORIENTED_EDGE('',*,*,#1013,.F.);
#1013 = EDGE_CURVE('',#1014,#992,#1016,.T.);
#1014 = VERTEX_POINT('',#1015);
#1015 = CARTESIAN_POINT('',(155.,-6.,14.));
#1016 = LINE('',#1017,#1018);
#1017 = CARTESIAN_POINT('',(155.,-6.,14.));
#1018 = VECTOR('',#1019,1.);
#1019 = DIRECTION('',(0.,1.,0.));
#1020 = ORIENTED_EDGE('',*,*,#1021,.F.);
#1021 = EDGE_CURVE('',#648,#1014,#1022,.T.);
#1022 = LINE('',#1023,#1024);
#1023 = CARTESIAN_POINT('',(155.,-6.,0.));
#1024 = VECTOR('',#1025,1.);
#1025 = DIRECTION('',(0.,0.,1.));
#1026 = ORIENTED_EDGE('',*,*,#655,.T.);
#1027 = ORIENTED_EDGE('',*,*,#1028,.T.);
#1028 = EDGE_CURVE('',#656,#1029,#1031,.T.);
#1029 = VERTEX_POINT('',#1030);
#1030 = CARTESIAN_POINT('',(155.,-4.,10.));
#1031 = LINE('',#1032,#1033);
#1032 = CARTESIAN_POINT('',(155.,-4.,0.));
#1033 = VECTOR('',#1034,1.);
#1034 = DIRECTION('',(0.,0.,1.));
#1035 = ORIENTED_EDGE('',*,*,#1036,.T.);
#1036 = EDGE_CURVE('',#1029,#1037,#1039,.T.);
#1037 = VERTEX_POINT('',#1038);
#1038 = CARTESIAN_POINT('',(155.,4.,10.));
#1039 = LINE('',#1040,#1041);
#1040 = CARTESIAN_POINT('',(155.,-4.,10.));
#1041 = VECTOR('',#1042,1.);
#1042 = DIRECTION('',(0.,1.,0.));
#1043 = ORIENTED_EDGE('',*,*,#1044,.F.);
#1044 = EDGE_CURVE('',#664,#1037,#1045,.T.);
#1045 = LINE('',#1046,#1047);
#1046 = CARTESIAN_POINT('',(155.,4.,0.));
#1047 = VECTOR('',#1048,1.);
#1048 = DIRECTION('',(0.,0.,1.));
#1049 = ORIENTED_EDGE('',*,*,#671,.T.);
#1050 = ORIENTED_EDGE('',*,*,#999,.T.);
#1051 = PLANE('',#1052);
#1052 = AXIS2_PLACEMENT_3D('',#1053,#1054,#1055);
#1053 = CARTESIAN_POINT('',(155.,-6.,0.));
#1054 = DIRECTION('',(1.,0.,0.));
#1055 = DIRECTION('',(0.,0.,1.));
#1056 = ADVANCED_FACE('',(#1057),#1082,.F.);
#1057 = FACE_BOUND('',#1058,.F.);
#1058 = EDGE_LOOP('',(#1059,#1060,#1068,#1076));
#1059 = ORIENTED_EDGE('',*,*,#663,.F.);
#1060 = ORIENTED_EDGE('',*,*,#1061,.T.);
#1061 = EDGE_CURVE('',#656,#1062,#1064,.T.);
#1062 = VERTEX_POINT('',#1063);
#1063 = CARTESIAN_POINT('',(182.,-4.,0.));
#1064 = LINE('',#1065,#1066);
#1065 = CARTESIAN_POINT('',(155.,-4.,0.));
#1066 = VECTOR('',#1067,1.);
#1067 = DIRECTION('',(1.,0.,0.));
#1068 = ORIENTED_EDGE('',*,*,#1069,.T.);
#1069 = EDGE_CURVE('',#1062,#1070,#1072,.T.);
#1070 = VERTEX_POINT('',#1071);
#1071 = CARTESIAN_POINT('',(182.,4.,0.));
#1072 = LINE('',#1073,#1074);
#1073 = CARTESIAN_POINT('',(182.,-4.,0.));
#1074 = VECTOR('',#1075,1.);
#1075 = DIRECTION('',(0.,1.,0.));
#1076 = ORIENTED_EDGE('',*,*,#1077,.F.);
#1077 = EDGE_CURVE('',#664,#1070,#1078,.T.);
#1078 = LINE('',#1079,#1080);
#1079 = CARTESIAN_POINT('',(155.,4.,0.));
#1080 = VECTOR('',#1081,1.);
#1081 = DIRECTION('',(1.,0.,0.));
#1082 = PLANE('',#1083);
#1083 = AXIS2_PLACEMENT_3D('',#1084,#1085,#1086);
#1084 = CARTESIAN_POINT('',(155.,-4.,0.));
#1085 = DIRECTION('',(0.,0.,1.));
#1086 = DIRECTION('',(1.,0.,0.));
#1087 = ADVANCED_FACE('',(#1088),#1098,.F.);
#1088 = FACE_BOUND('',#1089,.F.);
#1089 = EDGE_LOOP('',(#1090,#1091,#1092));
#1090 = ORIENTED_EDGE('',*,*,#639,.F.);
#1091 = ORIENTED_EDGE('',*,*,#725,.F.);
#1092 = ORIENTED_EDGE('',*,*,#1093,.T.);
#1093 = EDGE_CURVE('',#718,#640,#1094,.T.);
#1094 = LINE('',#1095,#1096);
#1095 = CARTESIAN_POINT('',(79.5,-20.,0.));
#1096 = VECTOR('',#1097,1.);
#1097 = DIRECTION('',(0.707106781187,0.707106781187,0.));
#1098 = PLANE('',#1099);
#1099 = AXIS2_PLACEMENT_3D('',#1100,#1101,#1102);
#1100 = CARTESIAN_POINT('',(84.449747468306,-10.9497474683,0.));
#1101 = DIRECTION('',(0.,0.,1.));
#1102 = DIRECTION('',(1.,0.,0.));
#1103 = ADVANCED_FACE('',(#1104),#1122,.F.);
#1104 = FACE_BOUND('',#1105,.F.);
#1105 = EDGE_LOOP('',(#1106,#1107,#1115,#1121));
#1106 = ORIENTED_EDGE('',*,*,#647,.F.);
#1107 = ORIENTED_EDGE('',*,*,#1108,.T.);
#1108 = EDGE_CURVE('',#640,#1109,#1111,.T.);
#1109 = VERTEX_POINT('',#1110);
#1110 = CARTESIAN_POINT('',(93.5,-6.,14.));
#1111 = LINE('',#1112,#1113);
#1112 = CARTESIAN_POINT('',(93.5,-6.,0.));
#1113 = VECTOR('',#1114,1.);
#1114 = DIRECTION('',(0.,0.,1.));
#1115 = ORIENTED_EDGE('',*,*,#1116,.T.);
#1116 = EDGE_CURVE('',#1109,#1014,#1117,.T.);
#1117 = LINE('',#1118,#1119);
#1118 = CARTESIAN_POINT('',(26.,-6.,14.));
#1119 = VECTOR('',#1120,1.);
#1120 = DIRECTION('',(1.,0.,0.));
#1121 = ORIENTED_EDGE('',*,*,#1021,.F.);
#1122 = PLANE('',#1123);
#1123 = AXIS2_PLACEMENT_3D('',#1124,#1125,#1126);
#1124 = CARTESIAN_POINT('',(26.,-6.,0.));
#1125 = DIRECTION('',(0.,1.,0.));
#1126 = DIRECTION('',(0.,0.,1.));
#1127 = ADVANCED_FACE('',(#1128),#1146,.F.);
#1128 = FACE_BOUND('',#1129,.F.);
#1129 = EDGE_LOOP('',(#1130,#1138,#1144,#1145));
#1130 = ORIENTED_EDGE('',*,*,#1131,.F.);
#1131 = EDGE_CURVE('',#1132,#742,#1134,.T.);
#1132 = VERTEX_POINT('',#1133);
#1133 = CARTESIAN_POINT('',(67.5,-48.5,14.));
#1134 = LINE('',#1135,#1136);
#1135 = CARTESIAN_POINT('',(67.5,-48.5,14.));
#1136 = VECTOR('',#1137,1.);
#1137 = DIRECTION('',(0.,1.,0.));
#1138 = ORIENTED_EDGE('',*,*,#1139,.F.);
#1139 = EDGE_CURVE('',#702,#1132,#1140,.T.);
#1140 = LINE('',#1141,#1142);
#1141 = CARTESIAN_POINT('',(67.5,-48.5,0.));
#1142 = VECTOR('',#1143,1.);
#1143 = DIRECTION('',(0.,0.,1.));
#1144 = ORIENTED_EDGE('',*,*,#701,.T.);
#1145 = ORIENTED_EDGE('',*,*,#741,.T.);
#1146 = PLANE('',#1147);
#1147 = AXIS2_PLACEMENT_3D('',#1148,#1149,#1150);
#1148 = CARTESIAN_POINT('',(67.5,-48.5,0.));
#1149 = DIRECTION('',(1.,0.,0.));
#1150 = DIRECTION('',(0.,0.,1.));
#1151 = ADVANCED_FACE('',(#1152),#1177,.T.);
#1152 = FACE_BOUND('',#1153,.T.);
#1153 = EDGE_LOOP('',(#1154,#1164,#1170,#1171));
#1154 = ORIENTED_EDGE('',*,*,#1155,.F.);
#1155 = EDGE_CURVE('',#1156,#1158,#1160,.T.);
#1156 = VERTEX_POINT('',#1157);
#1157 = CARTESIAN_POINT('',(79.5,-48.5,14.));
#1158 = VERTEX_POINT('',#1159);
#1159 = CARTESIAN_POINT('',(79.5,-20.,14.));
#1160 = LINE('',#1161,#1162);
#1161 = CARTESIAN_POINT('',(79.5,-48.5,14.));
#1162 = VECTOR('',#1163,1.);
#1163 = DIRECTION('',(0.,1.,0.));
#1164 = ORIENTED_EDGE('',*,*,#1165,.F.);
#1165 = EDGE_CURVE('',#710,#1156,#1166,.T.);
#1166 = LINE('',#1167,#1168);
#1167 = CARTESIAN_POINT('',(79.5,-48.5,0.));
#1168 = VECTOR('',#1169,1.);
#1169 = DIRECTION('',(0.,0.,1.));
#1170 = ORIENTED_EDGE('',*,*,#717,.T.);
#1171 = ORIENTED_EDGE('',*,*,#1172,.T.);
#1172 = EDGE_CURVE('',#718,#1158,#1173,.T.);
#1173 = LINE('',#1174,#1175);
#1174 = CARTESIAN_POINT('',(79.5,-20.,0.));
#1175 = VECTOR('',#1176,1.);
#1176 = DIRECTION('',(0.,0.,1.));
#1177 = PLANE('',#1178);
#1178 = AXIS2_PLACEMENT_3D('',#1179,#1180,#1181);
#1179 = CARTESIAN_POINT('',(79.5,-48.5,0.));
#1180 = DIRECTION('',(1.,0.,0.));
#1181 = DIRECTION('',(0.,0.,1.));
#1182 = ADVANCED_FACE('',(#1183),#1194,.F.);
#1183 = FACE_BOUND('',#1184,.F.);
#1184 = EDGE_LOOP('',(#1185,#1186,#1187,#1193));
#1185 = ORIENTED_EDGE('',*,*,#709,.F.);
#1186 = ORIENTED_EDGE('',*,*,#1139,.T.);
#1187 = ORIENTED_EDGE('',*,*,#1188,.T.);
#1188 = EDGE_CURVE('',#1132,#1156,#1189,.T.);
#1189 = LINE('',#1190,#1191);
#1190 = CARTESIAN_POINT('',(67.5,-48.5,14.));
#1191 = VECTOR('',#1192,1.);
#1192 = DIRECTION('',(1.,0.,0.));
#1193 = ORIENTED_EDGE('',*,*,#1165,.F.);
#1194 = PLANE('',#1195);
#1195 = AXIS2_PLACEMENT_3D('',#1196,#1197,#1198);
#1196 = CARTESIAN_POINT('',(67.5,-48.5,0.));
#1197 = DIRECTION('',(0.,1.,0.));
#1198 = DIRECTION('',(0.,0.,1.));
#1199 = ADVANCED_FACE('',(#1200,#1213),#1224,.T.);
#1200 = FACE_BOUND('',#1201,.T.);
#1201 = EDGE_LOOP('',(#1202,#1203,#1204,#1210,#1211,#1212));
#1202 = ORIENTED_EDGE('',*,*,#766,.F.);
#1203 = ORIENTED_EDGE('',*,*,#781,.T.);
#1204 = ORIENTED_EDGE('',*,*,#1205,.T.);
#1205 = EDGE_CURVE('',#782,#959,#1206,.T.);
#1206 = LINE('',#1207,#1208);
#1207 = CARTESIAN_POINT('',(79.5,-48.5,14.));
#1208 = VECTOR('',#1209,1.);
#1209 = DIRECTION('',(0.,1.,0.));
#1210 = ORIENTED_EDGE('',*,*,#958,.T.);
#1211 = ORIENTED_EDGE('',*,*,#920,.F.);
#1212 = ORIENTED_EDGE('',*,*,#894,.F.);
#1213 = FACE_BOUND('',#1214,.T.);
#1214 = EDGE_LOOP('',(#1215));
#1215 = ORIENTED_EDGE('',*,*,#1216,.F.);
#1216 = EDGE_CURVE('',#1217,#1217,#1219,.T.);
#1217 = VERTEX_POINT('',#1218);
#1218 = CARTESIAN_POINT('',(78.722222222222,57.,14.));
#1219 = CIRCLE('',#1220,5.222222222222);
#1220 = AXIS2_PLACEMENT_3D('',#1221,#1222,#1223);
#1221 = CARTESIAN_POINT('',(73.5,57.,14.));
#1222 = DIRECTION('',(0.,0.,1.));
#1223 = DIRECTION('',(1.,0.,0.));
#1224 = PLANE('',#1225);
#1225 = AXIS2_PLACEMENT_3D('',#1226,#1227,#1228);
#1226 = CARTESIAN_POINT('',(67.5,-48.5,14.));
#1227 = DIRECTION('',(0.,0.,1.));
#1228 = DIRECTION('',(1.,0.,0.));
#1229 = ADVANCED_FACE('',(#1230,#1248,#1259),#1270,.T.);
#1230 = FACE_BOUND('',#1231,.T.);
#1231 = EDGE_LOOP('',(#1232,#1238,#1239,#1245,#1246,#1247));
#1232 = ORIENTED_EDGE('',*,*,#1233,.F.);
#1233 = EDGE_CURVE('',#782,#984,#1234,.T.);
#1234 = LINE('',#1235,#1236);
#1235 = CARTESIAN_POINT('',(26.,6.,14.));
#1236 = VECTOR('',#1237,1.);
#1237 = DIRECTION('',(1.,0.,0.));
#1238 = ORIENTED_EDGE('',*,*,#798,.F.);
#1239 = ORIENTED_EDGE('',*,*,#1240,.T.);
#1240 = EDGE_CURVE('',#791,#1109,#1241,.T.);
#1241 = LINE('',#1242,#1243);
#1242 = CARTESIAN_POINT('',(26.,-6.,14.));
#1243 = VECTOR('',#1244,1.);
#1244 = DIRECTION('',(1.,0.,0.));
#1245 = ORIENTED_EDGE('',*,*,#1116,.T.);
#1246 = ORIENTED_EDGE('',*,*,#1013,.T.);
#1247 = ORIENTED_EDGE('',*,*,#991,.F.);
#1248 = FACE_BOUND('',#1249,.T.);
#1249 = EDGE_LOOP('',(#1250));
#1250 = ORIENTED_EDGE('',*,*,#1251,.F.);
#1251 = EDGE_CURVE('',#1252,#1252,#1254,.T.);
#1252 = VERTEX_POINT('',#1253);
#1253 = CARTESIAN_POINT('',(110.16666666666,-1.387933039034E-15,14.));
#1254 = CIRCLE('',#1255,5.666666666667);
#1255 = AXIS2_PLACEMENT_3D('',#1256,#1257,#1258);
#1256 = CARTESIAN_POINT('',(104.5,0.,14.));
#1257 = DIRECTION('',(0.,0.,1.));
#1258 = DIRECTION('',(1.,0.,0.));
#1259 = FACE_BOUND('',#1260,.T.);
#1260 = EDGE_LOOP('',(#1261));
#1261 = ORIENTED_EDGE('',*,*,#1262,.F.);
#1262 = EDGE_CURVE('',#1263,#1263,#1265,.T.);
#1263 = VERTEX_POINT('',#1264);
#1264 = CARTESIAN_POINT('',(148.66666666666,-1.143003679204E-15,14.));
#1265 = CIRCLE('',#1266,4.666666666667);
#1266 = AXIS2_PLACEMENT_3D('',#1267,#1268,#1269);
#1267 = CARTESIAN_POINT('',(144.,0.,14.));
#1268 = DIRECTION('',(0.,0.,1.));
#1269 = DIRECTION('',(1.,0.,0.));
#1270 = PLANE('',#1271);
#1271 = AXIS2_PLACEMENT_3D('',#1272,#1273,#1274);
#1272 = CARTESIAN_POINT('',(26.,-6.,14.));
#1273 = DIRECTION('',(0.,0.,1.));
#1274 = DIRECTION('',(1.,0.,0.));
#1275 = ADVANCED_FACE('',(#1276,#1289),#1300,.T.);
#1276 = FACE_BOUND('',#1277,.T.);
#1277 = EDGE_LOOP('',(#1278,#1279,#1280,#1281,#1287,#1288));
#1278 = ORIENTED_EDGE('',*,*,#1131,.F.);
#1279 = ORIENTED_EDGE('',*,*,#1188,.T.);
#1280 = ORIENTED_EDGE('',*,*,#1155,.T.);
#1281 = ORIENTED_EDGE('',*,*,#1282,.T.);
#1282 = EDGE_CURVE('',#1158,#791,#1283,.T.);
#1283 = LINE('',#1284,#1285);
#1284 = CARTESIAN_POINT('',(79.5,-48.5,14.));
#1285 = VECTOR('',#1286,1.);
#1286 = DIRECTION('',(0.,1.,0.));
#1287 = ORIENTED_EDGE('',*,*,#790,.F.);
#1288 = ORIENTED_EDGE('',*,*,#813,.F.);
#1289 = FACE_BOUND('',#1290,.T.);
#1290 = EDGE_LOOP('',(#1291));
#1291 = ORIENTED_EDGE('',*,*,#1292,.F.);
#1292 = EDGE_CURVE('',#1293,#1293,#1295,.T.);
#1293 = VERTEX_POINT('',#1294);
#1294 = CARTESIAN_POINT('',(78.574074074074,-42.5,14.));
#1295 = CIRCLE('',#1296,5.074074074074);
#1296 = AXIS2_PLACEMENT_3D('',#1297,#1298,#1299);
#1297 = CARTESIAN_POINT('',(73.5,-42.5,14.));
#1298 = DIRECTION('',(0.,0.,1.));
#1299 = DIRECTION('',(1.,0.,0.));
#1300 = PLANE('',#1301);
#1301 = AXIS2_PLACEMENT_3D('',#1302,#1303,#1304);
#1302 = CARTESIAN_POINT('',(67.5,-48.5,14.));
#1303 = DIRECTION('',(0.,0.,1.));
#1304 = DIRECTION('',(1.,0.,0.));
#1305 = ADVANCED_FACE('',(#1306,#1309),#1320,.T.);
#1306 = FACE_BOUND('',#1307,.T.);
#1307 = EDGE_LOOP('',(#1308));
#1308 = ORIENTED_EDGE('',*,*,#836,.T.);
#1309 = FACE_BOUND('',#1310,.T.);
#1310 = EDGE_LOOP('',(#1311));
#1311 = ORIENTED_EDGE('',*,*,#1312,.F.);
#1312 = EDGE_CURVE('',#1313,#1313,#1315,.T.);
#1313 = VERTEX_POINT('',#1314);
#1314 = CARTESIAN_POINT('',(31.25,-3.061616997868E-16,30.));
#1315 = CIRCLE('',#1316,1.25);
#1316 = AXIS2_PLACEMENT_3D('',#1317,#1318,#1319);
#1317 = CARTESIAN_POINT('',(30.,0.,30.));
#1318 = DIRECTION('',(0.,0.,1.));
#1319 = DIRECTION('',(1.,0.,0.));
#1320 = PLANE('',#1321);
#1321 = AXIS2_PLACEMENT_3D('',#1322,#1323,#1324);
#1322 = CARTESIAN_POINT('',(30.,0.,30.));
#1323 = DIRECTION('',(0.,0.,1.));
#1324 = DIRECTION('',(1.,0.,0.));
#1325 = ADVANCED_FACE('',(#1326),#1331,.F.);
#1326 = FACE_BOUND('',#1327,.F.);
#1327 = EDGE_LOOP('',(#1328,#1329,#1330));
#1328 = ORIENTED_EDGE('',*,*,#879,.T.);
#1329 = ORIENTED_EDGE('',*,*,#868,.T.);
#1330 = ORIENTED_EDGE('',*,*,#853,.F.);
#1331 = PLANE('',#1332);
#1332 = AXIS2_PLACEMENT_3D('',#1333,#1334,#1335);
#1333 = CARTESIAN_POINT('',(14.,0.,5.));
#1334 = DIRECTION('',(1.,0.,0.));
#1335 = DIRECTION('',(0.,0.,1.));
#1336 = ADVANCED_FACE('',(#1337),#1348,.T.);
#1337 = FACE_BOUND('',#1338,.T.);
#1338 = EDGE_LOOP('',(#1339,#1340,#1346,#1347));
#1339 = ORIENTED_EDGE('',*,*,#966,.T.);
#1340 = ORIENTED_EDGE('',*,*,#1341,.T.);
#1341 = EDGE_CURVE('',#959,#984,#1342,.T.);
#1342 = LINE('',#1343,#1344);
#1343 = CARTESIAN_POINT('',(79.5,20.,14.));
#1344 = VECTOR('',#1345,1.);
#1345 = DIRECTION('',(0.707106781187,-0.707106781187,0.));
#1346 = ORIENTED_EDGE('',*,*,#983,.F.);
#1347 = ORIENTED_EDGE('',*,*,#944,.F.);
#1348 = PLANE('',#1349);
#1349 = AXIS2_PLACEMENT_3D('',#1350,#1351,#1352);
#1350 = CARTESIAN_POINT('',(79.5,20.,0.));
#1351 = DIRECTION('',(0.707106781187,0.707106781187,0.));
#1352 = DIRECTION('',(0.707106781187,-0.707106781187,0.));
#1353 = ADVANCED_FACE('',(#1354),#1372,.T.);
#1354 = FACE_BOUND('',#1355,.T.);
#1355 = EDGE_LOOP('',(#1356,#1357,#1358,#1366));
#1356 = ORIENTED_EDGE('',*,*,#1077,.F.);
#1357 = ORIENTED_EDGE('',*,*,#1044,.T.);
#1358 = ORIENTED_EDGE('',*,*,#1359,.T.);
#1359 = EDGE_CURVE('',#1037,#1360,#1362,.T.);
#1360 = VERTEX_POINT('',#1361);
#1361 = CARTESIAN_POINT('',(182.,4.,10.));
#1362 = LINE('',#1363,#1364);
#1363 = CARTESIAN_POINT('',(155.,4.,10.));
#1364 = VECTOR('',#1365,1.);
#1365 = DIRECTION('',(1.,0.,0.));
#1366 = ORIENTED_EDGE('',*,*,#1367,.F.);
#1367 = EDGE_CURVE('',#1070,#1360,#1368,.T.);
#1368 = LINE('',#1369,#1370);
#1369 = CARTESIAN_POINT('',(182.,4.,0.));
#1370 = VECTOR('',#1371,1.);
#1371 = DIRECTION('',(0.,0.,1.));
#1372 = PLANE('',#1373);
#1373 = AXIS2_PLACEMENT_3D('',#1374,#1375,#1376);
#1374 = CARTESIAN_POINT('',(155.,4.,0.));
#1375 = DIRECTION('',(0.,1.,0.));
#1376 = DIRECTION('',(0.,0.,1.));
#1377 = ADVANCED_FACE('',(#1378),#1396,.T.);
#1378 = FACE_BOUND('',#1379,.T.);
#1379 = EDGE_LOOP('',(#1380,#1381,#1389,#1395));
#1380 = ORIENTED_EDGE('',*,*,#1036,.F.);
#1381 = ORIENTED_EDGE('',*,*,#1382,.T.);
#1382 = EDGE_CURVE('',#1029,#1383,#1385,.T.);
#1383 = VERTEX_POINT('',#1384);
#1384 = CARTESIAN_POINT('',(182.,-4.,10.));
#1385 = LINE('',#1386,#1387);
#1386 = CARTESIAN_POINT('',(155.,-4.,10.));
#1387 = VECTOR('',#1388,1.);
#1388 = DIRECTION('',(1.,0.,0.));
#1389 = ORIENTED_EDGE('',*,*,#1390,.T.);
#1390 = EDGE_CURVE('',#1383,#1360,#1391,.T.);
#1391 = LINE('',#1392,#1393);
#1392 = CARTESIAN_POINT('',(182.,-4.,10.));
#1393 = VECTOR('',#1394,1.);
#1394 = DIRECTION('',(0.,1.,0.));
#1395 = ORIENTED_EDGE('',*,*,#1359,.F.);
#1396 = PLANE('',#1397);
#1397 = AXIS2_PLACEMENT_3D('',#1398,#1399,#1400);
#1398 = CARTESIAN_POINT('',(155.,-4.,10.));
#1399 = DIRECTION('',(0.,0.,1.));
#1400 = DIRECTION('',(1.,0.,0.));
#1401 = ADVANCED_FACE('',(#1402),#1413,.F.);
#1402 = FACE_BOUND('',#1403,.F.);
#1403 = EDGE_LOOP('',(#1404,#1405,#1406,#1407));
#1404 = ORIENTED_EDGE('',*,*,#1061,.F.);
#1405 = ORIENTED_EDGE('',*,*,#1028,.T.);
#1406 = ORIENTED_EDGE('',*,*,#1382,.T.);
#1407 = ORIENTED_EDGE('',*,*,#1408,.F.);
#1408 = EDGE_CURVE('',#1062,#1383,#1409,.T.);
#1409 = LINE('',#1410,#1411);
#1410 = CARTESIAN_POINT('',(182.,-4.,0.));
#1411 = VECTOR('',#1412,1.);
#1412 = DIRECTION('',(0.,0.,1.));
#1413 = PLANE('',#1414);
#1414 = AXIS2_PLACEMENT_3D('',#1415,#1416,#1417);
#1415 = CARTESIAN_POINT('',(155.,-4.,0.));
#1416 = DIRECTION('',(0.,1.,0.));
#1417 = DIRECTION('',(0.,0.,1.));
#1418 = ADVANCED_FACE('',(#1419),#1425,.T.);
#1419 = FACE_BOUND('',#1420,.T.);
#1420 = EDGE_LOOP('',(#1421,#1422,#1423,#1424));
#1421 = ORIENTED_EDGE('',*,*,#1408,.F.);
#1422 = ORIENTED_EDGE('',*,*,#1069,.T.);
#1423 = ORIENTED_EDGE('',*,*,#1367,.T.);
#1424 = ORIENTED_EDGE('',*,*,#1390,.F.);
#1425 = PLANE('',#1426);
#1426 = AXIS2_PLACEMENT_3D('',#1427,#1428,#1429);
#1427 = CARTESIAN_POINT('',(182.,-4.,0.));
#1428 = DIRECTION('',(1.,0.,0.));
#1429 = DIRECTION('',(0.,0.,1.));
#1430 = ADVANCED_FACE('',(#1431),#1442,.F.);
#1431 = FACE_BOUND('',#1432,.F.);
#1432 = EDGE_LOOP('',(#1433,#1434,#1440,#1441));
#1433 = ORIENTED_EDGE('',*,*,#1172,.T.);
#1434 = ORIENTED_EDGE('',*,*,#1435,.T.);
#1435 = EDGE_CURVE('',#1158,#1109,#1436,.T.);
#1436 = LINE('',#1437,#1438);
#1437 = CARTESIAN_POINT('',(79.5,-20.,14.));
#1438 = VECTOR('',#1439,1.);
#1439 = DIRECTION('',(0.707106781187,0.707106781187,0.));
#1440 = ORIENTED_EDGE('',*,*,#1108,.F.);
#1441 = ORIENTED_EDGE('',*,*,#1093,.F.);
#1442 = PLANE('',#1443);
#1443 = AXIS2_PLACEMENT_3D('',#1444,#1445,#1446);
#1444 = CARTESIAN_POINT('',(79.5,-20.,0.));
#1445 = DIRECTION('',(-0.707106781187,0.707106781187,0.));
#1446 = DIRECTION('',(0.707106781187,0.707106781187,0.));
#1447 = ADVANCED_FACE('',(#1448),#1453,.F.);
#1448 = FACE_BOUND('',#1449,.F.);
#1449 = EDGE_LOOP('',(#1450,#1451,#1452));
#1450 = ORIENTED_EDGE('',*,*,#1233,.F.);
#1451 = ORIENTED_EDGE('',*,*,#1205,.T.);
#1452 = ORIENTED_EDGE('',*,*,#1341,.T.);
#1453 = PLANE('',#1454);
#1454 = AXIS2_PLACEMENT_3D('',#1455,#1456,#1457);
#1455 = CARTESIAN_POINT('',(84.449747468306,10.949747468306,14.));
#1456 = DIRECTION('',(-0.,-0.,-1.));
#1457 = DIRECTION('',(-1.,0.,0.));
#1458 = ADVANCED_FACE('',(#1459),#1478,.T.);
#1459 = FACE_BOUND('',#1460,.T.);
#1460 = EDGE_LOOP('',(#1461,#1469,#1476,#1477));
#1461 = ORIENTED_EDGE('',*,*,#1462,.T.);
#1462 = EDGE_CURVE('',#1217,#1463,#1465,.T.);
#1463 = VERTEX_POINT('',#1464);
#1464 = CARTESIAN_POINT('',(78.333333333333,57.,16.));
#1465 = LINE('',#1466,#1467);
#1466 = CARTESIAN_POINT('',(79.5,57.,10.));
#1467 = VECTOR('',#1468,1.);
#1468 = DIRECTION('',(-0.190869659102,4.674958341478E-17,0.981615389669)
  );
#1469 = ORIENTED_EDGE('',*,*,#1470,.F.);
#1470 = EDGE_CURVE('',#1463,#1463,#1471,.T.);
#1471 = CIRCLE('',#1472,4.833333333333);
#1472 = AXIS2_PLACEMENT_3D('',#1473,#1474,#1475);
#1473 = CARTESIAN_POINT('',(73.5,57.,16.));
#1474 = DIRECTION('',(0.,0.,1.));
#1475 = DIRECTION('',(1.,0.,0.));
#1476 = ORIENTED_EDGE('',*,*,#1462,.F.);
#1477 = ORIENTED_EDGE('',*,*,#1216,.T.);
#1478 = CONICAL_SURFACE('',#1479,6.,0.192048017241);
#1479 = AXIS2_PLACEMENT_3D('',#1480,#1481,#1482);
#1480 = CARTESIAN_POINT('',(73.5,57.,10.));
#1481 = DIRECTION('',(-0.,-0.,-1.));
#1482 = DIRECTION('',(1.,0.,0.));
#1483 = ADVANCED_FACE('',(#1484),#1489,.T.);
#1484 = FACE_BOUND('',#1485,.T.);
#1485 = EDGE_LOOP('',(#1486,#1487,#1488));
#1486 = ORIENTED_EDGE('',*,*,#1240,.F.);
#1487 = ORIENTED_EDGE('',*,*,#1282,.F.);
#1488 = ORIENTED_EDGE('',*,*,#1435,.T.);
#1489 = PLANE('',#1490);
#1490 = AXIS2_PLACEMENT_3D('',#1491,#1492,#1493);
#1491 = CARTESIAN_POINT('',(84.449747468306,-10.9497474683,14.));
#1492 = DIRECTION('',(0.,0.,1.));
#1493 = DIRECTION('',(1.,0.,0.));
#1494 = ADVANCED_FACE('',(#1495),#1514,.T.);
#1495 = FACE_BOUND('',#1496,.T.);
#1496 = EDGE_LOOP('',(#1497,#1505,#1512,#1513));
#1497 = ORIENTED_EDGE('',*,*,#1498,.T.);
#1498 = EDGE_CURVE('',#1252,#1499,#1501,.T.);
#1499 = VERTEX_POINT('',#1500);
#1500 = CARTESIAN_POINT('',(110.,-1.347111479062E-15,16.));
#1501 = LINE('',#1502,#1503);
#1502 = CARTESIAN_POINT('',(110.5,-1.469576158977E-15,10.));
#1503 = VECTOR('',#1504,1.);
#1504 = DIRECTION('',(-8.304547985374E-02,2.034027621731E-17,
    0.996545758245));
#1505 = ORIENTED_EDGE('',*,*,#1506,.F.);
#1506 = EDGE_CURVE('',#1499,#1499,#1507,.T.);
#1507 = CIRCLE('',#1508,5.5);
#1508 = AXIS2_PLACEMENT_3D('',#1509,#1510,#1511);
#1509 = CARTESIAN_POINT('',(104.5,0.,16.));
#1510 = DIRECTION('',(0.,0.,1.));
#1511 = DIRECTION('',(1.,0.,0.));
#1512 = ORIENTED_EDGE('',*,*,#1498,.F.);
#1513 = ORIENTED_EDGE('',*,*,#1251,.T.);
#1514 = CONICAL_SURFACE('',#1515,6.,8.314123188844E-02);
#1515 = AXIS2_PLACEMENT_3D('',#1516,#1517,#1518);
#1516 = CARTESIAN_POINT('',(104.5,0.,10.));
#1517 = DIRECTION('',(-0.,-0.,-1.));
#1518 = DIRECTION('',(1.,0.,0.));
#1519 = ADVANCED_FACE('',(#1520),#1539,.T.);
#1520 = FACE_BOUND('',#1521,.T.);
#1521 = EDGE_LOOP('',(#1522,#1530,#1537,#1538));
#1522 = ORIENTED_EDGE('',*,*,#1523,.T.);
#1523 = EDGE_CURVE('',#1263,#1524,#1526,.T.);
#1524 = VERTEX_POINT('',#1525);
#1525 = CARTESIAN_POINT('',(148.,-9.797174393179E-16,16.));
#1526 = LINE('',#1527,#1528);
#1527 = CARTESIAN_POINT('',(150.,-1.469576158977E-15,10.));
#1528 = VECTOR('',#1529,1.);
#1529 = DIRECTION('',(-0.316227766017,7.745346429081E-17,0.948683298051)
  );
#1530 = ORIENTED_EDGE('',*,*,#1531,.F.);
#1531 = EDGE_CURVE('',#1524,#1524,#1532,.T.);
#1532 = CIRCLE('',#1533,4.);
#1533 = AXIS2_PLACEMENT_3D('',#1534,#1535,#1536);
#1534 = CARTESIAN_POINT('',(144.,0.,16.));
#1535 = DIRECTION('',(0.,0.,1.));
#1536 = DIRECTION('',(1.,0.,0.));
#1537 = ORIENTED_EDGE('',*,*,#1523,.F.);
#1538 = ORIENTED_EDGE('',*,*,#1262,.T.);
#1539 = CONICAL_SURFACE('',#1540,6.,0.321750554397);
#1540 = AXIS2_PLACEMENT_3D('',#1541,#1542,#1543);
#1541 = CARTESIAN_POINT('',(144.,0.,10.));
#1542 = DIRECTION('',(-0.,-0.,-1.));
#1543 = DIRECTION('',(1.,0.,0.));
#1544 = ADVANCED_FACE('',(#1545),#1564,.T.);
#1545 = FACE_BOUND('',#1546,.T.);
#1546 = EDGE_LOOP('',(#1547,#1555,#1562,#1563));
#1547 = ORIENTED_EDGE('',*,*,#1548,.T.);
#1548 = EDGE_CURVE('',#1293,#1549,#1551,.T.);
#1549 = VERTEX_POINT('',#1550);
#1550 = CARTESIAN_POINT('',(78.111111111111,-42.5,16.));
#1551 = LINE('',#1552,#1553);
#1552 = CARTESIAN_POINT('',(79.5,-42.5,10.));
#1553 = VECTOR('',#1554,1.);
#1554 = DIRECTION('',(-0.225518272727,5.523604616884E-17,0.97423893818)
  );
#1555 = ORIENTED_EDGE('',*,*,#1556,.F.);
#1556 = EDGE_CURVE('',#1549,#1549,#1557,.T.);
#1557 = CIRCLE('',#1558,4.611111111111);
#1558 = AXIS2_PLACEMENT_3D('',#1559,#1560,#1561);
#1559 = CARTESIAN_POINT('',(73.5,-42.5,16.));
#1560 = DIRECTION('',(0.,0.,1.));
#1561 = DIRECTION('',(1.,0.,0.));
#1562 = ORIENTED_EDGE('',*,*,#1548,.F.);
#1563 = ORIENTED_EDGE('',*,*,#1292,.T.);
#1564 = CONICAL_SURFACE('',#1565,6.,0.227474980473);
#1565 = AXIS2_PLACEMENT_3D('',#1566,#1567,#1568);
#1566 = CARTESIAN_POINT('',(73.5,-42.5,10.));
#1567 = DIRECTION('',(-0.,-0.,-1.));
#1568 = DIRECTION('',(1.,0.,0.));
#1569 = ADVANCED_FACE('',(#1570),#1589,.F.);
#1570 = FACE_BOUND('',#1571,.F.);
#1571 = EDGE_LOOP('',(#1572,#1573,#1581,#1588));
#1572 = ORIENTED_EDGE('',*,*,#1312,.F.);
#1573 = ORIENTED_EDGE('',*,*,#1574,.F.);
#1574 = EDGE_CURVE('',#1575,#1313,#1577,.T.);
#1575 = VERTEX_POINT('',#1576);
#1576 = CARTESIAN_POINT('',(31.25,-3.061616997868E-16,21.));
#1577 = LINE('',#1578,#1579);
#1578 = CARTESIAN_POINT('',(31.25,-3.061616997868E-16,21.));
#1579 = VECTOR('',#1580,1.);
#1580 = DIRECTION('',(0.,0.,1.));
#1581 = ORIENTED_EDGE('',*,*,#1582,.T.);
#1582 = EDGE_CURVE('',#1575,#1575,#1583,.T.);
#1583 = CIRCLE('',#1584,1.25);
#1584 = AXIS2_PLACEMENT_3D('',#1585,#1586,#1587);
#1585 = CARTESIAN_POINT('',(30.,0.,21.));
#1586 = DIRECTION('',(0.,0.,1.));
#1587 = DIRECTION('',(1.,0.,0.));
#1588 = ORIENTED_EDGE('',*,*,#1574,.T.);
#1589 = CYLINDRICAL_SURFACE('',#1590,1.25);
#1590 = AXIS2_PLACEMENT_3D('',#1591,#1592,#1593);
#1591 = CARTESIAN_POINT('',(30.,0.,21.));
#1592 = DIRECTION('',(0.,0.,1.));
#1593 = DIRECTION('',(1.,0.,0.));
#1594 = ADVANCED_FACE('',(#1595),#1614,.T.);
#1595 = FACE_BOUND('',#1596,.T.);
#1596 = EDGE_LOOP('',(#1597,#1605,#1612,#1613));
#1597 = ORIENTED_EDGE('',*,*,#1598,.T.);
#1598 = EDGE_CURVE('',#1463,#1599,#1601,.T.);
#1599 = VERTEX_POINT('',#1600);
#1600 = CARTESIAN_POINT('',(78.333333333333,57.,38.));
#1601 = LINE('',#1602,#1603);
#1602 = CARTESIAN_POINT('',(78.333333333333,57.,10.));
#1603 = VECTOR('',#1604,1.);
#1604 = DIRECTION('',(0.,0.,1.));
#1605 = ORIENTED_EDGE('',*,*,#1606,.F.);
#1606 = EDGE_CURVE('',#1599,#1599,#1607,.T.);
#1607 = CIRCLE('',#1608,4.833333333333);
#1608 = AXIS2_PLACEMENT_3D('',#1609,#1610,#1611);
#1609 = CARTESIAN_POINT('',(73.5,57.,38.));
#1610 = DIRECTION('',(0.,0.,1.));
#1611 = DIRECTION('',(1.,0.,0.));
#1612 = ORIENTED_EDGE('',*,*,#1598,.F.);
#1613 = ORIENTED_EDGE('',*,*,#1470,.T.);
#1614 = CYLINDRICAL_SURFACE('',#1615,4.833333333333);
#1615 = AXIS2_PLACEMENT_3D('',#1616,#1617,#1618);
#1616 = CARTESIAN_POINT('',(73.5,57.,10.));
#1617 = DIRECTION('',(0.,0.,1.));
#1618 = DIRECTION('',(1.,0.,0.));
#1619 = ADVANCED_FACE('',(#1620),#1639,.T.);
#1620 = FACE_BOUND('',#1621,.T.);
#1621 = EDGE_LOOP('',(#1622,#1630,#1637,#1638));
#1622 = ORIENTED_EDGE('',*,*,#1623,.T.);
#1623 = EDGE_CURVE('',#1499,#1624,#1626,.T.);
#1624 = VERTEX_POINT('',#1625);
#1625 = CARTESIAN_POINT('',(110.,-1.347111479062E-15,51.5));
#1626 = LINE('',#1627,#1628);
#1627 = CARTESIAN_POINT('',(110.,-1.347111479062E-15,10.));
#1628 = VECTOR('',#1629,1.);
#1629 = DIRECTION('',(0.,0.,1.));
#1630 = ORIENTED_EDGE('',*,*,#1631,.F.);
#1631 = EDGE_CURVE('',#1624,#1624,#1632,.T.);
#1632 = CIRCLE('',#1633,5.5);
#1633 = AXIS2_PLACEMENT_3D('',#1634,#1635,#1636);
#1634 = CARTESIAN_POINT('',(104.5,0.,51.5));
#1635 = DIRECTION('',(0.,0.,1.));
#1636 = DIRECTION('',(1.,0.,0.));
#1637 = ORIENTED_EDGE('',*,*,#1623,.F.);
#1638 = ORIENTED_EDGE('',*,*,#1506,.T.);
#1639 = CYLINDRICAL_SURFACE('',#1640,5.5);
#1640 = AXIS2_PLACEMENT_3D('',#1641,#1642,#1643);
#1641 = CARTESIAN_POINT('',(104.5,0.,10.));
#1642 = DIRECTION('',(0.,0.,1.));
#1643 = DIRECTION('',(1.,0.,0.));
#1644 = ADVANCED_FACE('',(#1645),#1664,.T.);
#1645 = FACE_BOUND('',#1646,.T.);
#1646 = EDGE_LOOP('',(#1647,#1655,#1662,#1663));
#1647 = ORIENTED_EDGE('',*,*,#1648,.T.);
#1648 = EDGE_CURVE('',#1524,#1649,#1651,.T.);
#1649 = VERTEX_POINT('',#1650);
#1650 = CARTESIAN_POINT('',(148.,-9.797174393179E-16,23.));
#1651 = LINE('',#1652,#1653);
#1652 = CARTESIAN_POINT('',(148.,-9.797174393179E-16,10.));
#1653 = VECTOR('',#1654,1.);
#1654 = DIRECTION('',(0.,0.,1.));
#1655 = ORIENTED_EDGE('',*,*,#1656,.F.);
#1656 = EDGE_CURVE('',#1649,#1649,#1657,.T.);
#1657 = CIRCLE('',#1658,4.);
#1658 = AXIS2_PLACEMENT_3D('',#1659,#1660,#1661);
#1659 = CARTESIAN_POINT('',(144.,0.,23.));
#1660 = DIRECTION('',(0.,0.,1.));
#1661 = DIRECTION('',(1.,0.,0.));
#1662 = ORIENTED_EDGE('',*,*,#1648,.F.);
#1663 = ORIENTED_EDGE('',*,*,#1531,.T.);
#1664 = CYLINDRICAL_SURFACE('',#1665,4.);
#1665 = AXIS2_PLACEMENT_3D('',#1666,#1667,#1668);
#1666 = CARTESIAN_POINT('',(144.,0.,10.));
#1667 = DIRECTION('',(0.,0.,1.));
#1668 = DIRECTION('',(1.,0.,0.));
#1669 = ADVANCED_FACE('',(#1670),#1689,.T.);
#1670 = FACE_BOUND('',#1671,.T.);
#1671 = EDGE_LOOP('',(#1672,#1680,#1687,#1688));
#1672 = ORIENTED_EDGE('',*,*,#1673,.T.);
#1673 = EDGE_CURVE('',#1549,#1674,#1676,.T.);
#1674 = VERTEX_POINT('',#1675);
#1675 = CARTESIAN_POINT('',(78.111111111111,-42.5,34.));
#1676 = LINE('',#1677,#1678);
#1677 = CARTESIAN_POINT('',(78.111111111111,-42.5,10.));
#1678 = VECTOR('',#1679,1.);
#1679 = DIRECTION('',(0.,0.,1.));
#1680 = ORIENTED_EDGE('',*,*,#1681,.F.);
#1681 = EDGE_CURVE('',#1674,#1674,#1682,.T.);
#1682 = CIRCLE('',#1683,4.611111111111);
#1683 = AXIS2_PLACEMENT_3D('',#1684,#1685,#1686);
#1684 = CARTESIAN_POINT('',(73.5,-42.5,34.));
#1685 = DIRECTION('',(0.,0.,1.));
#1686 = DIRECTION('',(1.,0.,0.));
#1687 = ORIENTED_EDGE('',*,*,#1673,.F.);
#1688 = ORIENTED_EDGE('',*,*,#1556,.T.);
#1689 = CYLINDRICAL_SURFACE('',#1690,4.611111111111);
#1690 = AXIS2_PLACEMENT_3D('',#1691,#1692,#1693);
#1691 = CARTESIAN_POINT('',(73.5,-42.5,10.));
#1692 = DIRECTION('',(0.,0.,1.));
#1693 = DIRECTION('',(1.,0.,0.));
#1694 = ADVANCED_FACE('',(#1695),#1698,.T.);
#1695 = FACE_BOUND('',#1696,.F.);
#1696 = EDGE_LOOP('',(#1697));
#1697 = ORIENTED_EDGE('',*,*,#1582,.F.);
#1698 = PLANE('',#1699);
#1699 = AXIS2_PLACEMENT_3D('',#1700,#1701,#1702);
#1700 = CARTESIAN_POINT('',(30.,0.,21.));
#1701 = DIRECTION('',(0.,0.,1.));
#1702 = DIRECTION('',(1.,0.,0.));
#1703 = ADVANCED_FACE('',(#1704,#1707),#1718,.T.);
#1704 = FACE_BOUND('',#1705,.T.);
#1705 = EDGE_LOOP('',(#1706));
#1706 = ORIENTED_EDGE('',*,*,#1606,.T.);
#1707 = FACE_BOUND('',#1708,.T.);
#1708 = EDGE_LOOP('',(#1709));
#1709 = ORIENTED_EDGE('',*,*,#1710,.F.);
#1710 = EDGE_CURVE('',#1711,#1711,#1713,.T.);
#1711 = VERTEX_POINT('',#1712);
#1712 = CARTESIAN_POINT('',(74.75,57.,38.));
#1713 = CIRCLE('',#1714,1.25);
#1714 = AXIS2_PLACEMENT_3D('',#1715,#1716,#1717);
#1715 = CARTESIAN_POINT('',(73.5,57.,38.));
#1716 = DIRECTION('',(0.,0.,1.));
#1717 = DIRECTION('',(1.,0.,0.));
#1718 = PLANE('',#1719);
#1719 = AXIS2_PLACEMENT_3D('',#1720,#1721,#1722);
#1720 = CARTESIAN_POINT('',(73.5,57.,38.));
#1721 = DIRECTION('',(0.,0.,1.));
#1722 = DIRECTION('',(1.,0.,0.));
#1723 = ADVANCED_FACE('',(#1724,#1727),#1738,.T.);
#1724 = FACE_BOUND('',#1725,.T.);
#1725 = EDGE_LOOP('',(#1726));
#1726 = ORIENTED_EDGE('',*,*,#1631,.T.);
#1727 = FACE_BOUND('',#1728,.T.);
#1728 = EDGE_LOOP('',(#1729));
#1729 = ORIENTED_EDGE('',*,*,#1730,.F.);
#1730 = EDGE_CURVE('',#1731,#1731,#1733,.T.);
#1731 = VERTEX_POINT('',#1732);
#1732 = CARTESIAN_POINT('',(105.75,-3.061616997868E-16,51.5));
#1733 = CIRCLE('',#1734,1.25);
#1734 = AXIS2_PLACEMENT_3D('',#1735,#1736,#1737);
#1735 = CARTESIAN_POINT('',(104.5,0.,51.5));
#1736 = DIRECTION('',(0.,0.,1.));
#1737 = DIRECTION('',(1.,0.,0.));
#1738 = PLANE('',#1739);
#1739 = AXIS2_PLACEMENT_3D('',#1740,#1741,#1742);
#1740 = CARTESIAN_POINT('',(104.5,0.,51.5));
#1741 = DIRECTION('',(0.,0.,1.));
#1742 = DIRECTION('',(1.,0.,0.));
#1743 = ADVANCED_FACE('',(#1744,#1747),#1758,.T.);
#1744 = FACE_BOUND('',#1745,.T.);
#1745 = EDGE_LOOP('',(#1746));
#1746 = ORIENTED_EDGE('',*,*,#1656,.T.);
#1747 = FACE_BOUND('',#1748,.T.);
#1748 = EDGE_LOOP('',(#1749));
#1749 = ORIENTED_EDGE('',*,*,#1750,.F.);
#1750 = EDGE_CURVE('',#1751,#1751,#1753,.T.);
#1751 = VERTEX_POINT('',#1752);
#1752 = CARTESIAN_POINT('',(145.25,-3.061616997868E-16,23.));
#1753 = CIRCLE('',#1754,1.25);
#1754 = AXIS2_PLACEMENT_3D('',#1755,#1756,#1757);
#1755 = CARTESIAN_POINT('',(144.,0.,23.));
#1756 = DIRECTION('',(0.,0.,1.));
#1757 = DIRECTION('',(1.,0.,0.));
#1758 = PLANE('',#1759);
#1759 = AXIS2_PLACEMENT_3D('',#1760,#1761,#1762);
#1760 = CARTESIAN_POINT('',(144.,0.,23.));
#1761 = DIRECTION('',(0.,0.,1.));
#1762 = DIRECTION('',(1.,0.,0.));
#1763 = ADVANCED_FACE('',(#1764,#1767),#1778,.T.);
#1764 = FACE_BOUND('',#1765,.T.);
#1765 = EDGE_LOOP('',(#1766));
#1766 = ORIENTED_EDGE('',*,*,#1681,.T.);
#1767 = FACE_BOUND('',#1768,.T.);
#1768 = EDGE_LOOP('',(#1769));
#1769 = ORIENTED_EDGE('',*,*,#1770,.F.);
#1770 = EDGE_CURVE('',#1771,#1771,#1773,.T.);
#1771 = VERTEX_POINT('',#1772);
#1772 = CARTESIAN_POINT('',(74.75,-42.5,34.));
#1773 = CIRCLE('',#1774,1.25);
#1774 = AXIS2_PLACEMENT_3D('',#1775,#1776,#1777);
#1775 = CARTESIAN_POINT('',(73.5,-42.5,34.));
#1776 = DIRECTION('',(0.,0.,1.));
#1777 = DIRECTION('',(1.,0.,0.));
#1778 = PLANE('',#1779);
#1779 = AXIS2_PLACEMENT_3D('',#1780,#1781,#1782);
#1780 = CARTESIAN_POINT('',(73.5,-42.5,34.));
#1781 = DIRECTION('',(0.,0.,1.));
#1782 = DIRECTION('',(1.,0.,0.));
#1783 = ADVANCED_FACE('',(#1784),#1803,.F.);
#1784 = FACE_BOUND('',#1785,.F.);
#1785 = EDGE_LOOP('',(#1786,#1787,#1795,#1802));
#1786 = ORIENTED_EDGE('',*,*,#1710,.F.);
#1787 = ORIENTED_EDGE('',*,*,#1788,.F.);
#1788 = EDGE_CURVE('',#1789,#1711,#1791,.T.);
#1789 = VERTEX_POINT('',#1790);
#1790 = CARTESIAN_POINT('',(74.75,57.,29.));
#1791 = LINE('',#1792,#1793);
#1792 = CARTESIAN_POINT('',(74.75,57.,29.));
#1793 = VECTOR('',#1794,1.);
#1794 = DIRECTION('',(0.,0.,1.));
#1795 = ORIENTED_EDGE('',*,*,#1796,.T.);
#1796 = EDGE_CURVE('',#1789,#1789,#1797,.T.);
#1797 = CIRCLE('',#1798,1.25);
#1798 = AXIS2_PLACEMENT_3D('',#1799,#1800,#1801);
#1799 = CARTESIAN_POINT('',(73.5,57.,29.));
#1800 = DIRECTION('',(0.,0.,1.));
#1801 = DIRECTION('',(1.,0.,0.));
#1802 = ORIENTED_EDGE('',*,*,#1788,.T.);
#1803 = CYLINDRICAL_SURFACE('',#1804,1.25);
#1804 = AXIS2_PLACEMENT_3D('',#1805,#1806,#1807);
#1805 = CARTESIAN_POINT('',(73.5,57.,29.));
#1806 = DIRECTION('',(0.,0.,1.));
#1807 = DIRECTION('',(1.,0.,0.));
#1808 = ADVANCED_FACE('',(#1809),#1828,.F.);
#1809 = FACE_BOUND('',#1810,.F.);
#1810 = EDGE_LOOP('',(#1811,#1812,#1820,#1827));
#1811 = ORIENTED_EDGE('',*,*,#1730,.F.);
#1812 = ORIENTED_EDGE('',*,*,#1813,.F.);
#1813 = EDGE_CURVE('',#1814,#1731,#1816,.T.);
#1814 = VERTEX_POINT('',#1815);
#1815 = CARTESIAN_POINT('',(105.75,-3.061616997868E-16,42.5));
#1816 = LINE('',#1817,#1818);
#1817 = CARTESIAN_POINT('',(105.75,-3.061616997868E-16,42.5));
#1818 = VECTOR('',#1819,1.);
#1819 = DIRECTION('',(0.,0.,1.));
#1820 = ORIENTED_EDGE('',*,*,#1821,.T.);
#1821 = EDGE_CURVE('',#1814,#1814,#1822,.T.);
#1822 = CIRCLE('',#1823,1.25);
#1823 = AXIS2_PLACEMENT_3D('',#1824,#1825,#1826);
#1824 = CARTESIAN_POINT('',(104.5,0.,42.5));
#1825 = DIRECTION('',(0.,0.,1.));
#1826 = DIRECTION('',(1.,0.,0.));
#1827 = ORIENTED_EDGE('',*,*,#1813,.T.);
#1828 = CYLINDRICAL_SURFACE('',#1829,1.25);
#1829 = AXIS2_PLACEMENT_3D('',#1830,#1831,#1832);
#1830 = CARTESIAN_POINT('',(104.5,0.,42.5));
#1831 = DIRECTION('',(0.,0.,1.));
#1832 = DIRECTION('',(1.,0.,0.));
#1833 = ADVANCED_FACE('',(#1834),#1853,.F.);
#1834 = FACE_BOUND('',#1835,.F.);
#1835 = EDGE_LOOP('',(#1836,#1837,#1845,#1852));
#1836 = ORIENTED_EDGE('',*,*,#1750,.F.);
#1837 = ORIENTED_EDGE('',*,*,#1838,.F.);
#1838 = EDGE_CURVE('',#1839,#1751,#1841,.T.);
#1839 = VERTEX_POINT('',#1840);
#1840 = CARTESIAN_POINT('',(145.25,-3.061616997868E-16,14.));
#1841 = LINE('',#1842,#1843);
#1842 = CARTESIAN_POINT('',(145.25,-3.061616997868E-16,14.));
#1843 = VECTOR('',#1844,1.);
#1844 = DIRECTION('',(0.,0.,1.));
#1845 = ORIENTED_EDGE('',*,*,#1846,.T.);
#1846 = EDGE_CURVE('',#1839,#1839,#1847,.T.);
#1847 = CIRCLE('',#1848,1.25);
#1848 = AXIS2_PLACEMENT_3D('',#1849,#1850,#1851);
#1849 = CARTESIAN_POINT('',(144.,0.,14.));
#1850 = DIRECTION('',(0.,0.,1.));
#1851 = DIRECTION('',(1.,0.,0.));
#1852 = ORIENTED_EDGE('',*,*,#1838,.T.);
#1853 = CYLINDRICAL_SURFACE('',#1854,1.25);
#1854 = AXIS2_PLACEMENT_3D('',#1855,#1856,#1857);
#1855 = CARTESIAN_POINT('',(144.,0.,14.));
#1856 = DIRECTION('',(0.,0.,1.));
#1857 = DIRECTION('',(1.,0.,0.));
#1858 = ADVANCED_FACE('',(#1859),#1878,.F.);
#1859 = FACE_BOUND('',#1860,.F.);
#1860 = EDGE_LOOP('',(#1861,#1862,#1870,#1877));
#1861 = ORIENTED_EDGE('',*,*,#1770,.F.);
#1862 = ORIENTED_EDGE('',*,*,#1863,.F.);
#1863 = EDGE_CURVE('',#1864,#1771,#1866,.T.);
#1864 = VERTEX_POINT('',#1865);
#1865 = CARTESIAN_POINT('',(74.75,-42.5,25.));
#1866 = LINE('',#1867,#1868);
#1867 = CARTESIAN_POINT('',(74.75,-42.5,25.));
#1868 = VECTOR('',#1869,1.);
#1869 = DIRECTION('',(0.,0.,1.));
#1870 = ORIENTED_EDGE('',*,*,#1871,.T.);
#1871 = EDGE_CURVE('',#1864,#1864,#1872,.T.);
#1872 = CIRCLE('',#1873,1.25);
#1873 = AXIS2_PLACEMENT_3D('',#1874,#1875,#1876);
#1874 = CARTESIAN_POINT('',(73.5,-42.5,25.));
#1875 = DIRECTION('',(0.,0.,1.));
#1876 = DIRECTION('',(1.,0.,0.));
#1877 = ORIENTED_EDGE('',*,*,#1863,.T.);
#1878 = CYLINDRICAL_SURFACE('',#1879,1.25);
#1879 = AXIS2_PLACEMENT_3D('',#1880,#1881,#1882);
#1880 = CARTESIAN_POINT('',(73.5,-42.5,25.));
#1881 = DIRECTION('',(0.,0.,1.));
#1882 = DIRECTION('',(1.,0.,0.));
#1883 = ADVANCED_FACE('',(#1884),#1887,.T.);
#1884 = FACE_BOUND('',#1885,.F.);
#1885 = EDGE_LOOP('',(#1886));
#1886 = ORIENTED_EDGE('',*,*,#1796,.F.);
#1887 = PLANE('',#1888);
#1888 = AXIS2_PLACEMENT_3D('',#1889,#1890,#1891);
#1889 = CARTESIAN_POINT('',(73.5,57.,29.));
#1890 = DIRECTION('',(0.,0.,1.));
#1891 = DIRECTION('',(1.,0.,0.));
#1892 = ADVANCED_FACE('',(#1893),#1896,.T.);
#1893 = FACE_BOUND('',#1894,.F.);
#1894 = EDGE_LOOP('',(#1895));
#1895 = ORIENTED_EDGE('',*,*,#1821,.F.);
#1896 = PLANE('',#1897);
#1897 = AXIS2_PLACEMENT_3D('',#1898,#1899,#1900);
#1898 = CARTESIAN_POINT('',(104.5,0.,42.5));
#1899 = DIRECTION('',(0.,0.,1.));
#1900 = DIRECTION('',(1.,0.,0.));
#1901 = ADVANCED_FACE('',(#1902),#1905,.T.);
#1902 = FACE_BOUND('',#1903,.F.);
#1903 = EDGE_LOOP('',(#1904));
#1904 = ORIENTED_EDGE('',*,*,#1846,.F.);
#1905 = PLANE('',#1906);
#1906 = AXIS2_PLACEMENT_3D('',#1907,#1908,#1909);
#1907 = CARTESIAN_POINT('',(144.,0.,14.));
#1908 = DIRECTION('',(0.,0.,1.));
#1909 = DIRECTION('',(1.,0.,0.));
#1910 = ADVANCED_FACE('',(#1911),#1914,.T.);
#1911 = FACE_BOUND('',#1912,.F.);
#1912 = EDGE_LOOP('',(#1913));
#1913 = ORIENTED_EDGE('',*,*,#1871,.F.);
#1914 = PLANE('',#1915);
#1915 = AXIS2_PLACEMENT_3D('',#1916,#1917,#1918);
#1916 = CARTESIAN_POINT('',(73.5,-42.5,25.));
#1917 = DIRECTION('',(0.,0.,1.));
#1918 = DIRECTION('',(1.,0.,0.));
#1919 = MANIFOLD_SOLID_BREP('',#1920);
#1920 = CLOSED_SHELL('',(#1921,#1993,#2024,#2133,#2180,#2204,#2228,#2245
    ,#2347,#2364,#2386,#2398,#2415,#2432,#2449,#2466,#2483,#2500,#2517,
    #2529));
#1921 = ADVANCED_FACE('',(#1922),#1988,.F.);
#1922 = FACE_BOUND('',#1923,.F.);
#1923 = EDGE_LOOP('',(#1924,#1934,#1942,#1950,#1958,#1966,#1974,#1982));
#1924 = ORIENTED_EDGE('',*,*,#1925,.F.);
#1925 = EDGE_CURVE('',#1926,#1928,#1930,.T.);
#1926 = VERTEX_POINT('',#1927);
#1927 = CARTESIAN_POINT('',(155.,-10.,18.));
#1928 = VERTEX_POINT('',#1929);
#1929 = CARTESIAN_POINT('',(155.,10.,18.));
#1930 = LINE('',#1931,#1932);
#1931 = CARTESIAN_POINT('',(155.,-10.,18.));
#1932 = VECTOR('',#1933,1.);
#1933 = DIRECTION('',(0.,1.,0.));
#1934 = ORIENTED_EDGE('',*,*,#1935,.F.);
#1935 = EDGE_CURVE('',#1936,#1926,#1938,.T.);
#1936 = VERTEX_POINT('',#1937);
#1937 = CARTESIAN_POINT('',(155.,-10.,0.));
#1938 = LINE('',#1939,#1940);
#1939 = CARTESIAN_POINT('',(155.,-10.,0.));
#1940 = VECTOR('',#1941,1.);
#1941 = DIRECTION('',(0.,0.,1.));
#1942 = ORIENTED_EDGE('',*,*,#1943,.T.);
#1943 = EDGE_CURVE('',#1936,#1944,#1946,.T.);
#1944 = VERTEX_POINT('',#1945);
#1945 = CARTESIAN_POINT('',(155.,-4.25,0.));
#1946 = LINE('',#1947,#1948);
#1947 = CARTESIAN_POINT('',(155.,-10.,0.));
#1948 = VECTOR('',#1949,1.);
#1949 = DIRECTION('',(0.,1.,0.));
#1950 = ORIENTED_EDGE('',*,*,#1951,.T.);
#1951 = EDGE_CURVE('',#1944,#1952,#1954,.T.);
#1952 = VERTEX_POINT('',#1953);
#1953 = CARTESIAN_POINT('',(155.,-4.25,10.25));
#1954 = LINE('',#1955,#1956);
#1955 = CARTESIAN_POINT('',(155.,-4.25,0.));
#1956 = VECTOR('',#1957,1.);
#1957 = DIRECTION('',(0.,0.,1.));
#1958 = ORIENTED_EDGE('',*,*,#1959,.F.);
#1959 = EDGE_CURVE('',#1960,#1952,#1962,.T.);
#1960 = VERTEX_POINT('',#1961);
#1961 = CARTESIAN_POINT('',(155.,4.25,10.25));
#1962 = LINE('',#1963,#1964);
#1963 = CARTESIAN_POINT('',(155.,-7.125,10.25));
#1964 = VECTOR('',#1965,1.);
#1965 = DIRECTION('',(0.,-1.,0.));
#1966 = ORIENTED_EDGE('',*,*,#1967,.F.);
#1967 = EDGE_CURVE('',#1968,#1960,#1970,.T.);
#1968 = VERTEX_POINT('',#1969);
#1969 = CARTESIAN_POINT('',(155.,4.25,0.));
#1970 = LINE('',#1971,#1972);
#1971 = CARTESIAN_POINT('',(155.,4.25,0.));
#1972 = VECTOR('',#1973,1.);
#1973 = DIRECTION('',(0.,0.,1.));
#1974 = ORIENTED_EDGE('',*,*,#1975,.T.);
#1975 = EDGE_CURVE('',#1968,#1976,#1978,.T.);
#1976 = VERTEX_POINT('',#1977);
#1977 = CARTESIAN_POINT('',(155.,10.,0.));
#1978 = LINE('',#1979,#1980);
#1979 = CARTESIAN_POINT('',(155.,-10.,0.));
#1980 = VECTOR('',#1981,1.);
#1981 = DIRECTION('',(0.,1.,0.));
#1982 = ORIENTED_EDGE('',*,*,#1983,.T.);
#1983 = EDGE_CURVE('',#1976,#1928,#1984,.T.);
#1984 = LINE('',#1985,#1986);
#1985 = CARTESIAN_POINT('',(155.,10.,0.));
#1986 = VECTOR('',#1987,1.);
#1987 = DIRECTION('',(0.,0.,1.));
#1988 = PLANE('',#1989);
#1989 = AXIS2_PLACEMENT_3D('',#1990,#1991,#1992);
#1990 = CARTESIAN_POINT('',(155.,-10.,0.));
#1991 = DIRECTION('',(1.,0.,0.));
#1992 = DIRECTION('',(0.,0.,1.));
#1993 = ADVANCED_FACE('',(#1994),#2019,.T.);
#1994 = FACE_BOUND('',#1995,.T.);
#1995 = EDGE_LOOP('',(#1996,#2004,#2005,#2013));
#1996 = ORIENTED_EDGE('',*,*,#1997,.F.);
#1997 = EDGE_CURVE('',#1928,#1998,#2000,.T.);
#1998 = VERTEX_POINT('',#1999);
#1999 = CARTESIAN_POINT('',(191.,10.,18.));
#2000 = LINE('',#2001,#2002);
#2001 = CARTESIAN_POINT('',(155.,10.,18.));
#2002 = VECTOR('',#2003,1.);
#2003 = DIRECTION('',(1.,0.,0.));
#2004 = ORIENTED_EDGE('',*,*,#1925,.F.);
#2005 = ORIENTED_EDGE('',*,*,#2006,.T.);
#2006 = EDGE_CURVE('',#1926,#2007,#2009,.T.);
#2007 = VERTEX_POINT('',#2008);
#2008 = CARTESIAN_POINT('',(191.,-10.,18.));
#2009 = LINE('',#2010,#2011);
#2010 = CARTESIAN_POINT('',(155.,-10.,18.));
#2011 = VECTOR('',#2012,1.);
#2012 = DIRECTION('',(1.,0.,0.));
#2013 = ORIENTED_EDGE('',*,*,#2014,.T.);
#2014 = EDGE_CURVE('',#2007,#1998,#2015,.T.);
#2015 = LINE('',#2016,#2017);
#2016 = CARTESIAN_POINT('',(191.,-11.,18.));
#2017 = VECTOR('',#2018,1.);
#2018 = DIRECTION('',(0.,1.,0.));
#2019 = PLANE('',#2020);
#2020 = AXIS2_PLACEMENT_3D('',#2021,#2022,#2023);
#2021 = CARTESIAN_POINT('',(155.,-10.,18.));
#2022 = DIRECTION('',(0.,0.,1.));
#2023 = DIRECTION('',(1.,0.,0.));
#2024 = ADVANCED_FACE('',(#2025),#2128,.T.);
#2025 = FACE_BOUND('',#2026,.T.);
#2026 = EDGE_LOOP('',(#2027,#2038,#2046,#2055,#2063,#2072,#2080,#2089,
    #2097,#2105,#2111,#2112,#2113,#2122));
#2027 = ORIENTED_EDGE('',*,*,#2028,.F.);
#2028 = EDGE_CURVE('',#2029,#2031,#2033,.T.);
#2029 = VERTEX_POINT('',#2030);
#2030 = CARTESIAN_POINT('',(209.,10.,18.));
#2031 = VERTEX_POINT('',#2032);
#2032 = CARTESIAN_POINT('',(203.,10.,18.));
#2033 = CIRCLE('',#2034,3.);
#2034 = AXIS2_PLACEMENT_3D('',#2035,#2036,#2037);
#2035 = CARTESIAN_POINT('',(206.,10.,18.));
#2036 = DIRECTION('',(0.,1.,0.));
#2037 = DIRECTION('',(0.,0.,1.));
#2038 = ORIENTED_EDGE('',*,*,#2039,.T.);
#2039 = EDGE_CURVE('',#2029,#2040,#2042,.T.);
#2040 = VERTEX_POINT('',#2041);
#2041 = CARTESIAN_POINT('',(215.,10.,18.));
#2042 = LINE('',#2043,#2044);
#2043 = CARTESIAN_POINT('',(155.,10.,18.));
#2044 = VECTOR('',#2045,1.);
#2045 = DIRECTION('',(1.,0.,0.));
#2046 = ORIENTED_EDGE('',*,*,#2047,.F.);
#2047 = EDGE_CURVE('',#2048,#2040,#2050,.T.);
#2048 = VERTEX_POINT('',#2049);
#2049 = CARTESIAN_POINT('',(221.,10.,18.));
#2050 = CIRCLE('',#2051,3.);
#2051 = AXIS2_PLACEMENT_3D('',#2052,#2053,#2054);
#2052 = CARTESIAN_POINT('',(218.,10.,18.));
#2053 = DIRECTION('',(0.,1.,0.));
#2054 = DIRECTION('',(0.,0.,1.));
#2055 = ORIENTED_EDGE('',*,*,#2056,.T.);
#2056 = EDGE_CURVE('',#2048,#2057,#2059,.T.);
#2057 = VERTEX_POINT('',#2058);
#2058 = CARTESIAN_POINT('',(227.,10.,18.));
#2059 = LINE('',#2060,#2061);
#2060 = CARTESIAN_POINT('',(155.,10.,18.));
#2061 = VECTOR('',#2062,1.);
#2062 = DIRECTION('',(1.,0.,0.));
#2063 = ORIENTED_EDGE('',*,*,#2064,.F.);
#2064 = EDGE_CURVE('',#2065,#2057,#2067,.T.);
#2065 = VERTEX_POINT('',#2066);
#2066 = CARTESIAN_POINT('',(233.,10.,18.));
#2067 = CIRCLE('',#2068,3.);
#2068 = AXIS2_PLACEMENT_3D('',#2069,#2070,#2071);
#2069 = CARTESIAN_POINT('',(230.,10.,18.));
#2070 = DIRECTION('',(0.,1.,0.));
#2071 = DIRECTION('',(0.,0.,1.));
#2072 = ORIENTED_EDGE('',*,*,#2073,.T.);
#2073 = EDGE_CURVE('',#2065,#2074,#2076,.T.);
#2074 = VERTEX_POINT('',#2075);
#2075 = CARTESIAN_POINT('',(239.,10.,18.));
#2076 = LINE('',#2077,#2078);
#2077 = CARTESIAN_POINT('',(155.,10.,18.));
#2078 = VECTOR('',#2079,1.);
#2079 = DIRECTION('',(1.,0.,0.));
#2080 = ORIENTED_EDGE('',*,*,#2081,.F.);
#2081 = EDGE_CURVE('',#2082,#2074,#2084,.T.);
#2082 = VERTEX_POINT('',#2083);
#2083 = CARTESIAN_POINT('',(245.,10.,18.));
#2084 = CIRCLE('',#2085,3.);
#2085 = AXIS2_PLACEMENT_3D('',#2086,#2087,#2088);
#2086 = CARTESIAN_POINT('',(242.,10.,18.));
#2087 = DIRECTION('',(0.,1.,0.));
#2088 = DIRECTION('',(0.,0.,1.));
#2089 = ORIENTED_EDGE('',*,*,#2090,.T.);
#2090 = EDGE_CURVE('',#2082,#2091,#2093,.T.);
#2091 = VERTEX_POINT('',#2092);
#2092 = CARTESIAN_POINT('',(250.,10.,18.));
#2093 = LINE('',#2094,#2095);
#2094 = CARTESIAN_POINT('',(155.,10.,18.));
#2095 = VECTOR('',#2096,1.);
#2096 = DIRECTION('',(1.,0.,0.));
#2097 = ORIENTED_EDGE('',*,*,#2098,.F.);
#2098 = EDGE_CURVE('',#2099,#2091,#2101,.T.);
#2099 = VERTEX_POINT('',#2100);
#2100 = CARTESIAN_POINT('',(250.,10.,0.));
#2101 = LINE('',#2102,#2103);
#2102 = CARTESIAN_POINT('',(250.,10.,0.));
#2103 = VECTOR('',#2104,1.);
#2104 = DIRECTION('',(0.,0.,1.));
#2105 = ORIENTED_EDGE('',*,*,#2106,.F.);
#2106 = EDGE_CURVE('',#1976,#2099,#2107,.T.);
#2107 = LINE('',#2108,#2109);
#2108 = CARTESIAN_POINT('',(155.,10.,0.));
#2109 = VECTOR('',#2110,1.);
#2110 = DIRECTION('',(1.,0.,0.));
#2111 = ORIENTED_EDGE('',*,*,#1983,.T.);
#2112 = ORIENTED_EDGE('',*,*,#1997,.T.);
#2113 = ORIENTED_EDGE('',*,*,#2114,.F.);
#2114 = EDGE_CURVE('',#2115,#1998,#2117,.T.);
#2115 = VERTEX_POINT('',#2116);
#2116 = CARTESIAN_POINT('',(197.,10.,18.));
#2117 = CIRCLE('',#2118,3.);
#2118 = AXIS2_PLACEMENT_3D('',#2119,#2120,#2121);
#2119 = CARTESIAN_POINT('',(194.,10.,18.));
#2120 = DIRECTION('',(0.,1.,0.));
#2121 = DIRECTION('',(0.,0.,1.));
#2122 = ORIENTED_EDGE('',*,*,#2123,.T.);
#2123 = EDGE_CURVE('',#2115,#2031,#2124,.T.);
#2124 = LINE('',#2125,#2126);
#2125 = CARTESIAN_POINT('',(155.,10.,18.));
#2126 = VECTOR('',#2127,1.);
#2127 = DIRECTION('',(1.,0.,0.));
#2128 = PLANE('',#2129);
#2129 = AXIS2_PLACEMENT_3D('',#2130,#2131,#2132);
#2130 = CARTESIAN_POINT('',(155.,10.,0.));
#2131 = DIRECTION('',(0.,1.,0.));
#2132 = DIRECTION('',(0.,0.,1.));
#2133 = ADVANCED_FACE('',(#2134),#2175,.F.);
#2134 = FACE_BOUND('',#2135,.F.);
#2135 = EDGE_LOOP('',(#2136,#2137,#2145,#2151,#2152,#2153,#2161,#2169));
#2136 = ORIENTED_EDGE('',*,*,#1943,.F.);
#2137 = ORIENTED_EDGE('',*,*,#2138,.T.);
#2138 = EDGE_CURVE('',#1936,#2139,#2141,.T.);
#2139 = VERTEX_POINT('',#2140);
#2140 = CARTESIAN_POINT('',(250.,-10.,0.));
#2141 = LINE('',#2142,#2143);
#2142 = CARTESIAN_POINT('',(155.,-10.,0.));
#2143 = VECTOR('',#2144,1.);
#2144 = DIRECTION('',(1.,0.,0.));
#2145 = ORIENTED_EDGE('',*,*,#2146,.T.);
#2146 = EDGE_CURVE('',#2139,#2099,#2147,.T.);
#2147 = LINE('',#2148,#2149);
#2148 = CARTESIAN_POINT('',(250.,-10.,0.));
#2149 = VECTOR('',#2150,1.);
#2150 = DIRECTION('',(0.,1.,0.));
#2151 = ORIENTED_EDGE('',*,*,#2106,.F.);
#2152 = ORIENTED_EDGE('',*,*,#1975,.F.);
#2153 = ORIENTED_EDGE('',*,*,#2154,.T.);
#2154 = EDGE_CURVE('',#1968,#2155,#2157,.T.);
#2155 = VERTEX_POINT('',#2156);
#2156 = CARTESIAN_POINT('',(182.5,4.25,0.));
#2157 = LINE('',#2158,#2159);
#2158 = CARTESIAN_POINT('',(154.,4.25,0.));
#2159 = VECTOR('',#2160,1.);
#2160 = DIRECTION('',(1.,0.,0.));
#2161 = ORIENTED_EDGE('',*,*,#2162,.F.);
#2162 = EDGE_CURVE('',#2163,#2155,#2165,.T.);
#2163 = VERTEX_POINT('',#2164);
#2164 = CARTESIAN_POINT('',(182.5,-4.25,0.));
#2165 = LINE('',#2166,#2167);
#2166 = CARTESIAN_POINT('',(182.5,-4.25,0.));
#2167 = VECTOR('',#2168,1.);
#2168 = DIRECTION('',(0.,1.,0.));
#2169 = ORIENTED_EDGE('',*,*,#2170,.F.);
#2170 = EDGE_CURVE('',#1944,#2163,#2171,.T.);
#2171 = LINE('',#2172,#2173);
#2172 = CARTESIAN_POINT('',(154.,-4.25,0.));
#2173 = VECTOR('',#2174,1.);
#2174 = DIRECTION('',(1.,0.,0.));
#2175 = PLANE('',#2176);
#2176 = AXIS2_PLACEMENT_3D('',#2177,#2178,#2179);
#2177 = CARTESIAN_POINT('',(155.,-10.,0.));
#2178 = DIRECTION('',(0.,0.,1.));
#2179 = DIRECTION('',(1.,0.,0.));
#2180 = ADVANCED_FACE('',(#2181),#2199,.F.);
#2181 = FACE_BOUND('',#2182,.F.);
#2182 = EDGE_LOOP('',(#2183,#2184,#2185,#2193));
#2183 = ORIENTED_EDGE('',*,*,#2154,.F.);
#2184 = ORIENTED_EDGE('',*,*,#1967,.T.);
#2185 = ORIENTED_EDGE('',*,*,#2186,.T.);
#2186 = EDGE_CURVE('',#1960,#2187,#2189,.T.);
#2187 = VERTEX_POINT('',#2188);
#2188 = CARTESIAN_POINT('',(182.5,4.25,10.25));
#2189 = LINE('',#2190,#2191);
#2190 = CARTESIAN_POINT('',(154.,4.25,10.25));
#2191 = VECTOR('',#2192,1.);
#2192 = DIRECTION('',(1.,0.,0.));
#2193 = ORIENTED_EDGE('',*,*,#2194,.F.);
#2194 = EDGE_CURVE('',#2155,#2187,#2195,.T.);
#2195 = LINE('',#2196,#2197);
#2196 = CARTESIAN_POINT('',(182.5,4.25,0.));
#2197 = VECTOR('',#2198,1.);
#2198 = DIRECTION('',(0.,0.,1.));
#2199 = PLANE('',#2200);
#2200 = AXIS2_PLACEMENT_3D('',#2201,#2202,#2203);
#2201 = CARTESIAN_POINT('',(154.,4.25,0.));
#2202 = DIRECTION('',(0.,1.,0.));
#2203 = DIRECTION('',(0.,0.,1.));
#2204 = ADVANCED_FACE('',(#2205),#2223,.F.);
#2205 = FACE_BOUND('',#2206,.F.);
#2206 = EDGE_LOOP('',(#2207,#2208,#2209,#2217));
#2207 = ORIENTED_EDGE('',*,*,#2186,.F.);
#2208 = ORIENTED_EDGE('',*,*,#1959,.T.);
#2209 = ORIENTED_EDGE('',*,*,#2210,.T.);
#2210 = EDGE_CURVE('',#1952,#2211,#2213,.T.);
#2211 = VERTEX_POINT('',#2212);
#2212 = CARTESIAN_POINT('',(182.5,-4.25,10.25));
#2213 = LINE('',#2214,#2215);
#2214 = CARTESIAN_POINT('',(154.,-4.25,10.25));
#2215 = VECTOR('',#2216,1.);
#2216 = DIRECTION('',(1.,0.,0.));
#2217 = ORIENTED_EDGE('',*,*,#2218,.T.);
#2218 = EDGE_CURVE('',#2211,#2187,#2219,.T.);
#2219 = LINE('',#2220,#2221);
#2220 = CARTESIAN_POINT('',(182.5,-4.25,10.25));
#2221 = VECTOR('',#2222,1.);
#2222 = DIRECTION('',(0.,1.,0.));
#2223 = PLANE('',#2224);
#2224 = AXIS2_PLACEMENT_3D('',#2225,#2226,#2227);
#2225 = CARTESIAN_POINT('',(154.,-4.25,10.25));
#2226 = DIRECTION('',(0.,0.,1.));
#2227 = DIRECTION('',(1.,0.,0.));
#2228 = ADVANCED_FACE('',(#2229),#2240,.T.);
#2229 = FACE_BOUND('',#2230,.T.);
#2230 = EDGE_LOOP('',(#2231,#2232,#2233,#2234));
#2231 = ORIENTED_EDGE('',*,*,#2170,.F.);
#2232 = ORIENTED_EDGE('',*,*,#1951,.T.);
#2233 = ORIENTED_EDGE('',*,*,#2210,.T.);
#2234 = ORIENTED_EDGE('',*,*,#2235,.F.);
#2235 = EDGE_CURVE('',#2163,#2211,#2236,.T.);
#2236 = LINE('',#2237,#2238);
#2237 = CARTESIAN_POINT('',(182.5,-4.25,0.));
#2238 = VECTOR('',#2239,1.);
#2239 = DIRECTION('',(0.,0.,1.));
#2240 = PLANE('',#2241);
#2241 = AXIS2_PLACEMENT_3D('',#2242,#2243,#2244);
#2242 = CARTESIAN_POINT('',(154.,-4.25,0.));
#2243 = DIRECTION('',(0.,1.,0.));
#2244 = DIRECTION('',(0.,0.,1.));
#2245 = ADVANCED_FACE('',(#2246),#2342,.F.);
#2246 = FACE_BOUND('',#2247,.F.);
#2247 = EDGE_LOOP('',(#2248,#2259,#2267,#2276,#2284,#2293,#2301,#2310,
    #2318,#2324,#2325,#2326,#2327,#2336));
#2248 = ORIENTED_EDGE('',*,*,#2249,.F.);
#2249 = EDGE_CURVE('',#2250,#2252,#2254,.T.);
#2250 = VERTEX_POINT('',#2251);
#2251 = CARTESIAN_POINT('',(209.,-10.,18.));
#2252 = VERTEX_POINT('',#2253);
#2253 = CARTESIAN_POINT('',(203.,-10.,18.));
#2254 = CIRCLE('',#2255,3.);
#2255 = AXIS2_PLACEMENT_3D('',#2256,#2257,#2258);
#2256 = CARTESIAN_POINT('',(206.,-10.,18.));
#2257 = DIRECTION('',(0.,1.,0.));
#2258 = DIRECTION('',(0.,0.,1.));
#2259 = ORIENTED_EDGE('',*,*,#2260,.T.);
#2260 = EDGE_CURVE('',#2250,#2261,#2263,.T.);
#2261 = VERTEX_POINT('',#2262);
#2262 = CARTESIAN_POINT('',(215.,-10.,18.));
#2263 = LINE('',#2264,#2265);
#2264 = CARTESIAN_POINT('',(155.,-10.,18.));
#2265 = VECTOR('',#2266,1.);
#2266 = DIRECTION('',(1.,0.,0.));
#2267 = ORIENTED_EDGE('',*,*,#2268,.F.);
#2268 = EDGE_CURVE('',#2269,#2261,#2271,.T.);
#2269 = VERTEX_POINT('',#2270);
#2270 = CARTESIAN_POINT('',(221.,-10.,18.));
#2271 = CIRCLE('',#2272,3.);
#2272 = AXIS2_PLACEMENT_3D('',#2273,#2274,#2275);
#2273 = CARTESIAN_POINT('',(218.,-10.,18.));
#2274 = DIRECTION('',(0.,1.,0.));
#2275 = DIRECTION('',(0.,0.,1.));
#2276 = ORIENTED_EDGE('',*,*,#2277,.T.);
#2277 = EDGE_CURVE('',#2269,#2278,#2280,.T.);
#2278 = VERTEX_POINT('',#2279);
#2279 = CARTESIAN_POINT('',(227.,-10.,18.));
#2280 = LINE('',#2281,#2282);
#2281 = CARTESIAN_POINT('',(155.,-10.,18.));
#2282 = VECTOR('',#2283,1.);
#2283 = DIRECTION('',(1.,0.,0.));
#2284 = ORIENTED_EDGE('',*,*,#2285,.F.);
#2285 = EDGE_CURVE('',#2286,#2278,#2288,.T.);
#2286 = VERTEX_POINT('',#2287);
#2287 = CARTESIAN_POINT('',(233.,-10.,18.));
#2288 = CIRCLE('',#2289,3.);
#2289 = AXIS2_PLACEMENT_3D('',#2290,#2291,#2292);
#2290 = CARTESIAN_POINT('',(230.,-10.,18.));
#2291 = DIRECTION('',(0.,1.,0.));
#2292 = DIRECTION('',(0.,0.,1.));
#2293 = ORIENTED_EDGE('',*,*,#2294,.T.);
#2294 = EDGE_CURVE('',#2286,#2295,#2297,.T.);
#2295 = VERTEX_POINT('',#2296);
#2296 = CARTESIAN_POINT('',(239.,-10.,18.));
#2297 = LINE('',#2298,#2299);
#2298 = CARTESIAN_POINT('',(155.,-10.,18.));
#2299 = VECTOR('',#2300,1.);
#2300 = DIRECTION('',(1.,0.,0.));
#2301 = ORIENTED_EDGE('',*,*,#2302,.F.);
#2302 = EDGE_CURVE('',#2303,#2295,#2305,.T.);
#2303 = VERTEX_POINT('',#2304);
#2304 = CARTESIAN_POINT('',(245.,-10.,18.));
#2305 = CIRCLE('',#2306,3.);
#2306 = AXIS2_PLACEMENT_3D('',#2307,#2308,#2309);
#2307 = CARTESIAN_POINT('',(242.,-10.,18.));
#2308 = DIRECTION('',(0.,1.,0.));
#2309 = DIRECTION('',(0.,0.,1.));
#2310 = ORIENTED_EDGE('',*,*,#2311,.T.);
#2311 = EDGE_CURVE('',#2303,#2312,#2314,.T.);
#2312 = VERTEX_POINT('',#2313);
#2313 = CARTESIAN_POINT('',(250.,-10.,18.));
#2314 = LINE('',#2315,#2316);
#2315 = CARTESIAN_POINT('',(155.,-10.,18.));
#2316 = VECTOR('',#2317,1.);
#2317 = DIRECTION('',(1.,0.,0.));
#2318 = ORIENTED_EDGE('',*,*,#2319,.F.);
#2319 = EDGE_CURVE('',#2139,#2312,#2320,.T.);
#2320 = LINE('',#2321,#2322);
#2321 = CARTESIAN_POINT('',(250.,-10.,0.));
#2322 = VECTOR('',#2323,1.);
#2323 = DIRECTION('',(0.,0.,1.));
#2324 = ORIENTED_EDGE('',*,*,#2138,.F.);
#2325 = ORIENTED_EDGE('',*,*,#1935,.T.);
#2326 = ORIENTED_EDGE('',*,*,#2006,.T.);
#2327 = ORIENTED_EDGE('',*,*,#2328,.F.);
#2328 = EDGE_CURVE('',#2329,#2007,#2331,.T.);
#2329 = VERTEX_POINT('',#2330);
#2330 = CARTESIAN_POINT('',(197.,-10.,18.));
#2331 = CIRCLE('',#2332,3.);
#2332 = AXIS2_PLACEMENT_3D('',#2333,#2334,#2335);
#2333 = CARTESIAN_POINT('',(194.,-10.,18.));
#2334 = DIRECTION('',(0.,1.,0.));
#2335 = DIRECTION('',(0.,0.,1.));
#2336 = ORIENTED_EDGE('',*,*,#2337,.T.);
#2337 = EDGE_CURVE('',#2329,#2252,#2338,.T.);
#2338 = LINE('',#2339,#2340);
#2339 = CARTESIAN_POINT('',(155.,-10.,18.));
#2340 = VECTOR('',#2341,1.);
#2341 = DIRECTION('',(1.,0.,0.));
#2342 = PLANE('',#2343);
#2343 = AXIS2_PLACEMENT_3D('',#2344,#2345,#2346);
#2344 = CARTESIAN_POINT('',(155.,-10.,0.));
#2345 = DIRECTION('',(0.,1.,0.));
#2346 = DIRECTION('',(0.,0.,1.));
#2347 = ADVANCED_FACE('',(#2348),#2359,.F.);
#2348 = FACE_BOUND('',#2349,.F.);
#2349 = EDGE_LOOP('',(#2350,#2351,#2352,#2353));
#2350 = ORIENTED_EDGE('',*,*,#2328,.T.);
#2351 = ORIENTED_EDGE('',*,*,#2014,.T.);
#2352 = ORIENTED_EDGE('',*,*,#2114,.F.);
#2353 = ORIENTED_EDGE('',*,*,#2354,.F.);
#2354 = EDGE_CURVE('',#2329,#2115,#2355,.T.);
#2355 = LINE('',#2356,#2357);
#2356 = CARTESIAN_POINT('',(197.,-11.,18.));
#2357 = VECTOR('',#2358,1.);
#2358 = DIRECTION('',(0.,1.,0.));
#2359 = CYLINDRICAL_SURFACE('',#2360,3.);
#2360 = AXIS2_PLACEMENT_3D('',#2361,#2362,#2363);
#2361 = CARTESIAN_POINT('',(194.,-11.,18.));
#2362 = DIRECTION('',(0.,1.,0.));
#2363 = DIRECTION('',(0.,0.,1.));
#2364 = ADVANCED_FACE('',(#2365),#2381,.F.);
#2365 = FACE_BOUND('',#2366,.F.);
#2366 = EDGE_LOOP('',(#2367,#2368,#2374,#2375));
#2367 = ORIENTED_EDGE('',*,*,#2028,.F.);
#2368 = ORIENTED_EDGE('',*,*,#2369,.F.);
#2369 = EDGE_CURVE('',#2250,#2029,#2370,.T.);
#2370 = LINE('',#2371,#2372);
#2371 = CARTESIAN_POINT('',(209.,-11.,18.));
#2372 = VECTOR('',#2373,1.);
#2373 = DIRECTION('',(0.,1.,0.));
#2374 = ORIENTED_EDGE('',*,*,#2249,.T.);
#2375 = ORIENTED_EDGE('',*,*,#2376,.T.);
#2376 = EDGE_CURVE('',#2252,#2031,#2377,.T.);
#2377 = LINE('',#2378,#2379);
#2378 = CARTESIAN_POINT('',(203.,-11.,18.));
#2379 = VECTOR('',#2380,1.);
#2380 = DIRECTION('',(0.,1.,0.));
#2381 = CYLINDRICAL_SURFACE('',#2382,3.);
#2382 = AXIS2_PLACEMENT_3D('',#2383,#2384,#2385);
#2383 = CARTESIAN_POINT('',(206.,-11.,18.));
#2384 = DIRECTION('',(0.,1.,0.));
#2385 = DIRECTION('',(0.,0.,1.));
#2386 = ADVANCED_FACE('',(#2387),#2393,.T.);
#2387 = FACE_BOUND('',#2388,.T.);
#2388 = EDGE_LOOP('',(#2389,#2390,#2391,#2392));
#2389 = ORIENTED_EDGE('',*,*,#2123,.F.);
#2390 = ORIENTED_EDGE('',*,*,#2354,.F.);
#2391 = ORIENTED_EDGE('',*,*,#2337,.T.);
#2392 = ORIENTED_EDGE('',*,*,#2376,.T.);
#2393 = PLANE('',#2394);
#2394 = AXIS2_PLACEMENT_3D('',#2395,#2396,#2397);
#2395 = CARTESIAN_POINT('',(155.,-10.,18.));
#2396 = DIRECTION('',(0.,0.,1.));
#2397 = DIRECTION('',(1.,0.,0.));
#2398 = ADVANCED_FACE('',(#2399),#2410,.T.);
#2399 = FACE_BOUND('',#2400,.T.);
#2400 = EDGE_LOOP('',(#2401,#2402,#2403,#2404));
#2401 = ORIENTED_EDGE('',*,*,#2319,.F.);
#2402 = ORIENTED_EDGE('',*,*,#2146,.T.);
#2403 = ORIENTED_EDGE('',*,*,#2098,.T.);
#2404 = ORIENTED_EDGE('',*,*,#2405,.F.);
#2405 = EDGE_CURVE('',#2312,#2091,#2406,.T.);
#2406 = LINE('',#2407,#2408);
#2407 = CARTESIAN_POINT('',(250.,-10.,18.));
#2408 = VECTOR('',#2409,1.);
#2409 = DIRECTION('',(0.,1.,0.));
#2410 = PLANE('',#2411);
#2411 = AXIS2_PLACEMENT_3D('',#2412,#2413,#2414);
#2412 = CARTESIAN_POINT('',(250.,-10.,0.));
#2413 = DIRECTION('',(1.,0.,0.));
#2414 = DIRECTION('',(0.,0.,1.));
#2415 = ADVANCED_FACE('',(#2416),#2427,.T.);
#2416 = FACE_BOUND('',#2417,.T.);
#2417 = EDGE_LOOP('',(#2418,#2419,#2425,#2426));
#2418 = ORIENTED_EDGE('',*,*,#2090,.F.);
#2419 = ORIENTED_EDGE('',*,*,#2420,.F.);
#2420 = EDGE_CURVE('',#2303,#2082,#2421,.T.);
#2421 = LINE('',#2422,#2423);
#2422 = CARTESIAN_POINT('',(245.,-11.,18.));
#2423 = VECTOR('',#2424,1.);
#2424 = DIRECTION('',(0.,1.,0.));
#2425 = ORIENTED_EDGE('',*,*,#2311,.T.);
#2426 = ORIENTED_EDGE('',*,*,#2405,.T.);
#2427 = PLANE('',#2428);
#2428 = AXIS2_PLACEMENT_3D('',#2429,#2430,#2431);
#2429 = CARTESIAN_POINT('',(155.,-10.,18.));
#2430 = DIRECTION('',(0.,0.,1.));
#2431 = DIRECTION('',(1.,0.,0.));
#2432 = ADVANCED_FACE('',(#2433),#2444,.F.);
#2433 = FACE_BOUND('',#2434,.F.);
#2434 = EDGE_LOOP('',(#2435,#2436,#2437,#2438));
#2435 = ORIENTED_EDGE('',*,*,#2081,.F.);
#2436 = ORIENTED_EDGE('',*,*,#2420,.F.);
#2437 = ORIENTED_EDGE('',*,*,#2302,.T.);
#2438 = ORIENTED_EDGE('',*,*,#2439,.T.);
#2439 = EDGE_CURVE('',#2295,#2074,#2440,.T.);
#2440 = LINE('',#2441,#2442);
#2441 = CARTESIAN_POINT('',(239.,-11.,18.));
#2442 = VECTOR('',#2443,1.);
#2443 = DIRECTION('',(0.,1.,0.));
#2444 = CYLINDRICAL_SURFACE('',#2445,3.);
#2445 = AXIS2_PLACEMENT_3D('',#2446,#2447,#2448);
#2446 = CARTESIAN_POINT('',(242.,-11.,18.));
#2447 = DIRECTION('',(0.,1.,0.));
#2448 = DIRECTION('',(0.,0.,1.));
#2449 = ADVANCED_FACE('',(#2450),#2461,.T.);
#2450 = FACE_BOUND('',#2451,.T.);
#2451 = EDGE_LOOP('',(#2452,#2453,#2459,#2460));
#2452 = ORIENTED_EDGE('',*,*,#2073,.F.);
#2453 = ORIENTED_EDGE('',*,*,#2454,.F.);
#2454 = EDGE_CURVE('',#2286,#2065,#2455,.T.);
#2455 = LINE('',#2456,#2457);
#2456 = CARTESIAN_POINT('',(233.,-11.,18.));
#2457 = VECTOR('',#2458,1.);
#2458 = DIRECTION('',(0.,1.,0.));
#2459 = ORIENTED_EDGE('',*,*,#2294,.T.);
#2460 = ORIENTED_EDGE('',*,*,#2439,.T.);
#2461 = PLANE('',#2462);
#2462 = AXIS2_PLACEMENT_3D('',#2463,#2464,#2465);
#2463 = CARTESIAN_POINT('',(155.,-10.,18.));
#2464 = DIRECTION('',(0.,0.,1.));
#2465 = DIRECTION('',(1.,0.,0.));
#2466 = ADVANCED_FACE('',(#2467),#2478,.F.);
#2467 = FACE_BOUND('',#2468,.F.);
#2468 = EDGE_LOOP('',(#2469,#2470,#2471,#2472));
#2469 = ORIENTED_EDGE('',*,*,#2064,.F.);
#2470 = ORIENTED_EDGE('',*,*,#2454,.F.);
#2471 = ORIENTED_EDGE('',*,*,#2285,.T.);
#2472 = ORIENTED_EDGE('',*,*,#2473,.T.);
#2473 = EDGE_CURVE('',#2278,#2057,#2474,.T.);
#2474 = LINE('',#2475,#2476);
#2475 = CARTESIAN_POINT('',(227.,-11.,18.));
#2476 = VECTOR('',#2477,1.);
#2477 = DIRECTION('',(0.,1.,0.));
#2478 = CYLINDRICAL_SURFACE('',#2479,3.);
#2479 = AXIS2_PLACEMENT_3D('',#2480,#2481,#2482);
#2480 = CARTESIAN_POINT('',(230.,-11.,18.));
#2481 = DIRECTION('',(0.,1.,0.));
#2482 = DIRECTION('',(0.,0.,1.));
#2483 = ADVANCED_FACE('',(#2484),#2495,.T.);
#2484 = FACE_BOUND('',#2485,.T.);
#2485 = EDGE_LOOP('',(#2486,#2487,#2493,#2494));
#2486 = ORIENTED_EDGE('',*,*,#2056,.F.);
#2487 = ORIENTED_EDGE('',*,*,#2488,.F.);
#2488 = EDGE_CURVE('',#2269,#2048,#2489,.T.);
#2489 = LINE('',#2490,#2491);
#2490 = CARTESIAN_POINT('',(221.,-11.,18.));
#2491 = VECTOR('',#2492,1.);
#2492 = DIRECTION('',(0.,1.,0.));
#2493 = ORIENTED_EDGE('',*,*,#2277,.T.);
#2494 = ORIENTED_EDGE('',*,*,#2473,.T.);
#2495 = PLANE('',#2496);
#2496 = AXIS2_PLACEMENT_3D('',#2497,#2498,#2499);
#2497 = CARTESIAN_POINT('',(155.,-10.,18.));
#2498 = DIRECTION('',(0.,0.,1.));
#2499 = DIRECTION('',(1.,0.,0.));
#2500 = ADVANCED_FACE('',(#2501),#2512,.F.);
#2501 = FACE_BOUND('',#2502,.F.);
#2502 = EDGE_LOOP('',(#2503,#2504,#2505,#2506));
#2503 = ORIENTED_EDGE('',*,*,#2047,.F.);
#2504 = ORIENTED_EDGE('',*,*,#2488,.F.);
#2505 = ORIENTED_EDGE('',*,*,#2268,.T.);
#2506 = ORIENTED_EDGE('',*,*,#2507,.T.);
#2507 = EDGE_CURVE('',#2261,#2040,#2508,.T.);
#2508 = LINE('',#2509,#2510);
#2509 = CARTESIAN_POINT('',(215.,-11.,18.));
#2510 = VECTOR('',#2511,1.);
#2511 = DIRECTION('',(0.,1.,0.));
#2512 = CYLINDRICAL_SURFACE('',#2513,3.);
#2513 = AXIS2_PLACEMENT_3D('',#2514,#2515,#2516);
#2514 = CARTESIAN_POINT('',(218.,-11.,18.));
#2515 = DIRECTION('',(0.,1.,0.));
#2516 = DIRECTION('',(0.,0.,1.));
#2517 = ADVANCED_FACE('',(#2518),#2524,.T.);
#2518 = FACE_BOUND('',#2519,.T.);
#2519 = EDGE_LOOP('',(#2520,#2521,#2522,#2523));
#2520 = ORIENTED_EDGE('',*,*,#2039,.F.);
#2521 = ORIENTED_EDGE('',*,*,#2369,.F.);
#2522 = ORIENTED_EDGE('',*,*,#2260,.T.);
#2523 = ORIENTED_EDGE('',*,*,#2507,.T.);
#2524 = PLANE('',#2525);
#2525 = AXIS2_PLACEMENT_3D('',#2526,#2527,#2528);
#2526 = CARTESIAN_POINT('',(155.,-10.,18.));
#2527 = DIRECTION('',(0.,0.,1.));
#2528 = DIRECTION('',(1.,0.,0.));
#2529 = ADVANCED_FACE('',(#2530),#2536,.F.);
#2530 = FACE_BOUND('',#2531,.F.);
#2531 = EDGE_LOOP('',(#2532,#2533,#2534,#2535));
#2532 = ORIENTED_EDGE('',*,*,#2235,.F.);
#2533 = ORIENTED_EDGE('',*,*,#2162,.T.);
#2534 = ORIENTED_EDGE('',*,*,#2194,.T.);
#2535 = ORIENTED_EDGE('',*,*,#2218,.F.);
#2536 = PLANE('',#2537);
#2537 = AXIS2_PLACEMENT_3D('',#2538,#2539,#2540);
#2538 = CARTESIAN_POINT('',(182.5,-4.25,0.));
#2539 = DIRECTION('',(1.,0.,0.));
#2540 = DIRECTION('',(0.,0.,1.));
#2541 = MANIFOLD_SOLID_BREP('',#2542);
#2542 = CLOSED_SHELL('',(#2543,#2576,#2601,#2610,#2635));
#2543 = ADVANCED_FACE('',(#2544),#2571,.T.);
#2544 = FACE_BOUND('',#2545,.T.);
#2545 = EDGE_LOOP('',(#2546,#2555,#2563,#2570));
#2546 = ORIENTED_EDGE('',*,*,#2547,.F.);
#2547 = EDGE_CURVE('',#2548,#2548,#2550,.T.);
#2548 = VERTEX_POINT('',#2549);
#2549 = CARTESIAN_POINT('',(1.25,-4.898587196589E-16,7.));
#2550 = CIRCLE('',#2551,2.);
#2551 = AXIS2_PLACEMENT_3D('',#2552,#2553,#2554);
#2552 = CARTESIAN_POINT('',(1.25,0.,5.));
#2553 = DIRECTION('',(-1.,-0.,2.22044604925E-16));
#2554 = DIRECTION('',(2.22044604925E-16,0.,1.));
#2555 = ORIENTED_EDGE('',*,*,#2556,.F.);
#2556 = EDGE_CURVE('',#2557,#2548,#2559,.T.);
#2557 = VERTEX_POINT('',#2558);
#2558 = CARTESIAN_POINT('',(13.25,-4.898587196589E-16,7.));
#2559 = LINE('',#2560,#2561);
#2560 = CARTESIAN_POINT('',(13.25,-4.898587196589E-16,7.));
#2561 = VECTOR('',#2562,1.);
#2562 = DIRECTION('',(-1.,0.,2.22044604925E-16));
#2563 = ORIENTED_EDGE('',*,*,#2564,.T.);
#2564 = EDGE_CURVE('',#2557,#2557,#2565,.T.);
#2565 = CIRCLE('',#2566,2.);
#2566 = AXIS2_PLACEMENT_3D('',#2567,#2568,#2569);
#2567 = CARTESIAN_POINT('',(13.25,0.,5.));
#2568 = DIRECTION('',(-1.,-0.,2.22044604925E-16));
#2569 = DIRECTION('',(2.22044604925E-16,0.,1.));
#2570 = ORIENTED_EDGE('',*,*,#2556,.T.);
#2571 = CYLINDRICAL_SURFACE('',#2572,2.);
#2572 = AXIS2_PLACEMENT_3D('',#2573,#2574,#2575);
#2573 = CARTESIAN_POINT('',(13.25,0.,5.));
#2574 = DIRECTION('',(-1.,0.,2.22044604925E-16));
#2575 = DIRECTION('',(2.22044604925E-16,0.,1.));
#2576 = ADVANCED_FACE('',(#2577),#2596,.T.);
#2577 = FACE_BOUND('',#2578,.T.);
#2578 = EDGE_LOOP('',(#2579,#2588,#2594,#2595));
#2579 = ORIENTED_EDGE('',*,*,#2580,.F.);
#2580 = EDGE_CURVE('',#2581,#2581,#2583,.T.);
#2581 = VERTEX_POINT('',#2582);
#2582 = CARTESIAN_POINT('',(0.,-7.960204194458E-16,8.25));
#2583 = CIRCLE('',#2584,3.25);
#2584 = AXIS2_PLACEMENT_3D('',#2585,#2586,#2587);
#2585 = CARTESIAN_POINT('',(0.,0.,5.));
#2586 = DIRECTION('',(-1.,-0.,2.22044604925E-16));
#2587 = DIRECTION('',(2.22044604925E-16,0.,1.));
#2588 = ORIENTED_EDGE('',*,*,#2589,.F.);
#2589 = EDGE_CURVE('',#2548,#2581,#2590,.T.);
#2590 = LINE('',#2591,#2592);
#2591 = CARTESIAN_POINT('',(1.25,-4.898587196589E-16,7.));
#2592 = VECTOR('',#2593,1.);
#2593 = DIRECTION('',(-0.707106781187,-1.731912112471E-16,0.707106781187
    ));
#2594 = ORIENTED_EDGE('',*,*,#2547,.T.);
#2595 = ORIENTED_EDGE('',*,*,#2589,.T.);
#2596 = CONICAL_SURFACE('',#2597,2.,0.785398163397);
#2597 = AXIS2_PLACEMENT_3D('',#2598,#2599,#2600);
#2598 = CARTESIAN_POINT('',(1.25,0.,5.));
#2599 = DIRECTION('',(-1.,0.,2.22044604925E-16));
#2600 = DIRECTION('',(2.22044604925E-16,0.,1.));
#2601 = ADVANCED_FACE('',(#2602),#2605,.F.);
#2602 = FACE_BOUND('',#2603,.T.);
#2603 = EDGE_LOOP('',(#2604));
#2604 = ORIENTED_EDGE('',*,*,#2564,.F.);
#2605 = PLANE('',#2606);
#2606 = AXIS2_PLACEMENT_3D('',#2607,#2608,#2609);
#2607 = CARTESIAN_POINT('',(13.25,0.,5.));
#2608 = DIRECTION('',(-1.,0.,2.22044604925E-16));
#2609 = DIRECTION('',(2.22044604925E-16,0.,1.));
#2610 = ADVANCED_FACE('',(#2611),#2630,.T.);
#2611 = FACE_BOUND('',#2612,.T.);
#2612 = EDGE_LOOP('',(#2613,#2622,#2628,#2629));
#2613 = ORIENTED_EDGE('',*,*,#2614,.F.);
#2614 = EDGE_CURVE('',#2615,#2615,#2617,.T.);
#2615 = VERTEX_POINT('',#2616);
#2616 = CARTESIAN_POINT('',(-11.37519231907,-4.65365783676E-16,6.9));
#2617 = CIRCLE('',#2618,1.9);
#2618 = AXIS2_PLACEMENT_3D('',#2619,#2620,#2621);
#2619 = CARTESIAN_POINT('',(-11.37519231907,0.,5.));
#2620 = DIRECTION('',(-1.,-0.,2.22044604925E-16));
#2621 = DIRECTION('',(2.22044604925E-16,0.,1.));
#2622 = ORIENTED_EDGE('',*,*,#2623,.F.);
#2623 = EDGE_CURVE('',#2581,#2615,#2624,.T.);
#2624 = LINE('',#2625,#2626);
#2625 = CARTESIAN_POINT('',(0.,-7.960204194458E-16,8.25));
#2626 = VECTOR('',#2627,1.);
#2627 = DIRECTION('',(-0.993031140764,2.886547681543E-17,-0.117852252729
    ));
#2628 = ORIENTED_EDGE('',*,*,#2580,.T.);
#2629 = ORIENTED_EDGE('',*,*,#2623,.T.);
#2630 = CONICAL_SURFACE('',#2631,3.25,0.118126783401);
#2631 = AXIS2_PLACEMENT_3D('',#2632,#2633,#2634);
#2632 = CARTESIAN_POINT('',(0.,0.,5.));
#2633 = DIRECTION('',(1.,-0.,-2.22044604925E-16));
#2634 = DIRECTION('',(2.22044604925E-16,0.,1.));
#2635 = ADVANCED_FACE('',(#2636),#2649,.T.);
#2636 = FACE_BOUND('',#2637,.T.);
#2637 = EDGE_LOOP('',(#2638,#2647,#2648));
#2638 = ORIENTED_EDGE('',*,*,#2639,.T.);
#2639 = EDGE_CURVE('',#2615,#2640,#2642,.T.);
#2640 = VERTEX_POINT('',#2641);
#2641 = CARTESIAN_POINT('',(-15.5,-3.749399456655E-32,5.));
#2642 = CIRCLE('',#2643,2.5);
#2643 = AXIS2_PLACEMENT_3D('',#2644,#2645,#2646);
#2644 = CARTESIAN_POINT('',(-13.,0.,5.));
#2645 = DIRECTION('',(-5.438524293788E-32,-1.,-2.449293598295E-16));
#2646 = DIRECTION('',(2.22044604925E-16,-2.449293598295E-16,1.));
#2647 = ORIENTED_EDGE('',*,*,#2639,.F.);
#2648 = ORIENTED_EDGE('',*,*,#2614,.T.);
#2649 = SPHERICAL_SURFACE('',#2650,2.5);
#2650 = AXIS2_PLACEMENT_3D('',#2651,#2652,#2653);
#2651 = CARTESIAN_POINT('',(-13.,0.,5.));
#2652 = DIRECTION('',(-1.,0.,2.22044604925E-16));
#2653 = DIRECTION('',(2.22044604925E-16,0.,1.));
#2654 = ( GEOMETRIC_REPRESENTATION_CONTEXT(3) 
GLOBAL_UNCERTAINTY_ASSIGNED_CONTEXT((#2658)) 
GLOBAL_UNIT_ASSIGNED_CONTEXT((#2655,#2656,#2657)) REPRESENTATION_CONTEXT
('Context #1','3D Context with UNIT and UNCERTAINTY') );
#2655 = ( LENGTH_UNIT() NAMED_UNIT(*) SI_UNIT(.MILLI.,.METRE.) );
#2656 = ( NAMED_UNIT(*) PLANE_ANGLE_UNIT() SI_UNIT($,.RADIAN.) );
#2657 = ( NAMED_UNIT(*) SI_UNIT($,.STERADIAN.) SOLID_ANGLE_UNIT() );
#2658 = UNCERTAINTY_MEASURE_WITH_UNIT(LENGTH_MEASURE(2.E-07),#2655,
  'distance_accuracy_value','confusion accuracy');
#2659 = PRODUCT_RELATED_PRODUCT_CATEGORY('part',$,(#7));
ENDSEC;
END-ISO-10303-21;
